id,name,popularity,album_name,release_date,duration_ms,explicit,artist_name,duration_min
2wAiFWjRupWmnDkQcu91MF,rumah ke rumah,82,menari dengan bayangan,2019-11-29,277457,False,hindia,4.62
7J0isBrUxhIYZVdrBOOlIh,cincin,79,lagipula hidup akan berakhir,2023-07-07,266330,False,hindia,4.44
2dIBMHByUGcNPzmYBJ6OAj,evaluasi,79,menari dengan bayangan,2019-11-29,194469,False,hindia,3.24
5drW6PGRxkE6MxttzVLNk5,secukupnya,78,menari dengan bayangan,2019-11-29,205466,False,hindia,3.42
5DqSZFvWvSWg5eyCDi0CuW,kita ke sana,75,lagipula hidup akan berakhir,2023-07-21,282675,False,hindia,4.71
63VnhcHMnTPCcd24oVajL6,semua lagu cinta terdengar sama,74,"doves, '25 on blank canvas",2025-02-24,238514,False,hindia,3.98
3CBxVM0zGj41BQtE6m7gwb,membasuh,73,menari dengan bayangan,2019-11-29,373824,False,hindia,6.23
5WOSNVChcadlsCRiqXE45K,everything u are,73,"doves, '25 on blank canvas",2025-02-24,236489,False,hindia,3.94
2SmKwCCSiUTjtR8I8rv6MS,"berdansalah, karir ini tak ada artinya",71,lagipula hidup akan berakhir,2023-07-21,224418,False,hindia,3.74
1bcIiU5FWRa2IYBqx0bk67,evakuasi,70,menari dengan bayangan,2019-11-29,208000,False,hindia,3.47
1BxfuPKGuaTgP7aM0Bbdwr,cruel summer,89,lover,2019-08-23,178426,False,taylor swift,2.97
2OzhQlSqBEmt7hmkYxfT6m,fortnight (feat. post malone),84,the tortured poets department,2024-04-18,228965,False,taylor swift,3.82
4R2kfaDFhslZEMJqAFNpdd,cardigan,85,folklore,2020-07-24,239560,False,taylor swift,3.99
1dGr1c8CrMLDpV6mPbImSI,lover,85,lover,2019-08-23,221306,False,taylor swift,3.69
3hUxzQpSfdDqwM3ZTFQY0K,august,84,folklore,2020-07-24,261922,False,taylor swift,4.37
4q5YezDOIPcoLr8R81x9qy,i can do it with a broken heart,82,the tortured poets department,2024-04-18,218004,True,taylor swift,3.63
1u8c2t2Cy7UBoG4ArRcF5g,blank space,82,1989 (deluxe),2014-01-01,231826,False,taylor swift,3.86
55n9yjI6qqXh5F2mYvUc2y,i don’t wanna live forever (fifty shades darker),83,reputation stadium tour surprise song playlist,2017-09-11,247160,False,zayn,4.12
1R0a2iXumgCiFb7HEZ7gUE,don’t blame me,84,reputation,2017-10-11,236413,False,taylor swift,3.94
0V3wPSX9ygBnCm8psDIegu,anti-hero,83,midnights,2022-10-21,200690,False,taylor swift,3.34
7so0lgd0zP2Sbgs2d7a1SZ,die with a smile,88,mayhem,2025-07-03,251667,False,lady gaga,4.19
4wJ5Qq0jBN4ajy7ouZIV1c,apt.,92,rosie,2024-06-12,169917,False,rosé,2.83
7BqBn9nzAq8spo5e7cZ0dJ,just the way you are,88,doo-wops & hooligans,2010-11-05,220734,False,bruno mars,3.68
3w3y8KPTfNeOKPiqUTakBh,locked out of heaven,91,unorthodox jukebox,2012-07-12,233478,False,bruno mars,3.89
0KKkJNfGyhkQ5aFogxQAPU,that's what i like,89,24k magic,2016-11-17,206693,False,bruno mars,3.44
0nJW01T7XtvILxQgC5J7Wh,when i was your man,89,unorthodox jukebox,2012-07-12,213826,False,bruno mars,3.56
161DnLWsx1i3u1JT05lzqU,talking to the moon,85,doo-wops & hooligans,2010-11-05,217866,False,bruno mars,3.63
6SKwQghsR8AISlxhcwyA9R,marry you,83,doo-wops & hooligans,2010-11-05,230192,False,bruno mars,3.84
4lLtanYk6tkMvooU0tWzG8,grenade,82,doo-wops & hooligans,2010-11-05,222091,False,bruno mars,3.7
0M3HkE321xpCbCYqVKzr1q,it will rain,83,it will rain,2011-09-28,257720,False,bruno mars,4.3
1ZPVEo8RfmrEz8YAD5n6rW,lantas,80,sentimental,2020-06-11,234204,False,juicy luicy,3.9
1csKczcJqOSdK8JriLMpDW,tampar,77,nonfiksi,2024-06-28,202824,False,juicy luicy,3.38
6cChz3Pak7UtjuVJJRZmCm,sialan,75,harap-harap emas,2024-09-27,241088,False,adrian khalif,4.02
6Npkwd5gv61SR6QZbTyNf9,lampu kuning,77,nonfiksi,2024-06-28,239416,False,juicy luicy,3.99
4xmSDYn5n9Gu6mH6FSJDhf,tak di tanganku,75,tak di tanganku,2023-03-16,232383,False,juicy luicy,3.87
3Jby9Ezr1E7wCsXe0Dexa6,tanpa tergesa,73,sentimental,2020-06-11,218405,False,juicy luicy,3.64
7t8R5hCOyOKOhEKnbziUgg,asing,70,nonfiksi,2024-06-28,193036,False,juicy luicy,3.22
0uTJacQiXYN5EZqBCoSCOz,bukan orangnya,71,nonfiksi,2024-06-28,190602,False,juicy luicy,3.18
4GHzE0rDsSkbj6V6UXZTLc,terlalu tinggi,70,sentimental,2020-06-11,278667,False,juicy luicy,4.64
7st3cap09aLwD2xKVZq9mz,hahaha,68,nonfiksi,2024-06-28,193959,False,juicy luicy,3.23
630DpnzdfjdVqv2yLfPbAX,bertaut,81,selamat ulang tahun,2020-05-28,315960,False,nadin amizah,5.27
3ymuBMTviroWLuf1jMsMVf,sorai,77,sorai,2019-01-01,278333,False,nadin amizah,4.64
4rcuS31IcZynp91dqvmhmA,semua aku dirayakan,74,"untuk dunia, cinta, dan kotornya",2023-10-13,310625,False,nadin amizah,5.18
6Dh1zHQjEaOp29VW9pp3xG,taruh,75,selamat ulang tahun,2020-05-28,249892,False,nadin amizah,4.16
0zAtj0BEvpulETGrk95NPQ,rayuan perempuan gila,73,"untuk dunia, cinta, dan kotornya",2023-10-13,320000,False,nadin amizah,5.33
3FPlY1uqTe1oFfIgI0BnoA,beranjak dewasa,74,selamat ulang tahun,2020-05-28,297617,False,nadin amizah,4.96
1q1dsfckKMgjfr8DfdeKfs,amin paling serius,72,berhati,2020-02-20,303800,False,sal priadi,5.06
1tqPw8Hf88h24Bpt2SzuYE,di akhir perang,71,"untuk dunia, cinta, dan kotornya",2023-10-13,238214,False,nadin amizah,3.97
04IXeEjiQ4kdS7JJF9pjxT,kekal,68,"untuk dunia, cinta, dan kotornya",2023-10-13,280428,False,nadin amizah,4.67
75OokMC3JzPnRNXcLTAKdr,mendarah,68,selamat ulang tahun,2020-05-28,242363,False,nadin amizah,4.04
0FIDCNYYjNvPVimz5icugS,timeless (feat playboi carti),93,hurry up tomorrow,2025-01-31,256000,True,the weeknd,4.27
7CyPwkp0oE8Ro9Dd5CUDjW,"one of the girls (with jennie, lily rose depp)",92,the idol episode 4 (music from the hbo original series),2023-06-23,244684,False,the weeknd,4.08
68qeaZhtMZ6abrJCYt6nQn,rather lie (with the weeknd),91,music,2025-03-14,209680,True,playboi carti,3.49
7MXVkk9YMctZqd1Srtv4MB,starboy,90,starboy,2016-11-25,230453,True,the weeknd,3.84
3AWDeHLc88XogCaCnZQLVI,cry for me,90,hurry up tomorrow,2025-01-31,224136,True,the weeknd,3.74
7DY756WOLyOz2Xnhw4EFiC,são paulo (feat. anitta),87,hurry up tomorrow,2025-01-31,301623,True,the weeknd,5.03
0VjIjW4GlUZAMYd2vXMi3b,blinding lights,89,after hours,2020-03-20,200040,False,the weeknd,3.33
2LBqCSwhJGcFQeTHMVGwy3,die for you,86,starboy,2016-11-24,260253,False,the weeknd,4.34
7fBv7CLKzipRk6EC6TWHOB,the hills,87,beauty behind the madness,2015-08-28,242253,True,the weeknd,4.04
5QO79kh1waicV47BqGRL3g,save your tears,86,after hours,2020-03-20,215626,True,the weeknd,3.59
51ZQ1vr10ffzbwIjDCwqm4,we can't be friends (wait for your love),88,eternal sunshine,2024-08-03,228639,False,ariana grande,3.81
7xoUc6faLbCqZO6fQEYprd,one last time,85,my everything (deluxe),2014-08-22,197266,False,ariana grande,3.29
76FZM38RC8XaAjJ77CVTNe,into you,82,dangerous woman,2016-01-04,244453,False,ariana grande,4.07
1oFAF1hdPOickyHgbuRjyX,save your tears (remix) (with ariana grande) - bonus track,81,after hours (deluxe),2020-03-20,191013,False,the weeknd,3.18
0Lmbke3KNVFXtoH2mMSHCw,the boy is mine,83,eternal sunshine,2024-08-03,173639,True,ariana grande,2.89
6ocbgoVGwYJhOv1GgI9NsF,7 rings,84,"thank u, next",2019-08-02,178626,True,ariana grande,2.98
3nef5W8jTkXrOKgCu4kmq7,dangerous woman,81,dangerous woman,2016-01-04,235946,False,ariana grande,3.93
2o1pb13quMReXZqE7jWsgq,intro (end of the world),82,eternal sunshine,2024-08-03,92400,True,ariana grande,1.54
5D34wRmbFS29AjtTOP2QJe,"yes, and?",78,eternal sunshine,2024-08-03,214994,True,ariana grande,3.58
4W4fNrZYkobj539TOWsLO2,die for you (with ariana grande) - remix,78,starboy (deluxe),2023-03-14,232857,False,the weeknd,3.88
6dOtVTDdiauQNBQEDOtlAB,birds of a feather,98,hit me hard and soft,2024-05-17,210373,False,billie eilish,3.51
3QaPy1KgI7nu9FJEQUgn6h,wildflower,95,hit me hard and soft,2024-05-17,261466,False,billie eilish,4.36
7BRD7x5pt8Lqa1eGYC4dzj,chihiro,90,hit me hard and soft,2024-05-17,303440,False,billie eilish,5.06
0IsIY8pfu1yaGkPUD7pkDx,guess featuring billie eilish,86,brat and it’s completely different but also still brat,2024-11-10,143330,False,charli xcx,2.39
0u2P5u6lvoDfwTYjAADbn4,lovely (with khalid),88,lovely (with khalid),2018-04-19,200185,False,billie eilish,3.34
6wf7Yu7cxBSPrRlWeSeK0Q,"what was i made for? [from the motion picture ""barbie""]",87,"what was i made for? [from the motion picture ""barbie""]",2023-07-13,222369,False,billie eilish,3.71
7hDVYcQq6MxkdJGweuCtl9,ocean eyes,85,dont smile at me,2017-12-22,200379,False,billie eilish,3.34
629DixmZGHc7ILtEntuiWE,lunch,87,hit me hard and soft,2024-05-17,179586,False,billie eilish,2.99
43zdsphuZLzwA9k4DJhU0I,when the party's over,86,"when we all fall asleep, where do we go?",2019-03-29,196077,False,billie eilish,3.27
3GYlZ7tbxLOxe6ewMNVTkw,tv,86,guitar songs,2022-07-21,281380,False,billie eilish,4.69
4GfK1qOF3uBWidbPlTCQRL,monokrom,79,monokrom,2016-03-08,214567,False,tulus,3.58
2hHeGD57S0BcopfVcmehdl,hati-hati di jalan,77,manusia,2022-03-03,242000,False,tulus,4.03
32Pdf9eyXDEMoClEJW6yYP,interaksi,76,manusia,2022-03-03,170000,False,tulus,2.83
2qgjqbi96IAOBzZFC6H57U,diri,72,manusia,2022-03-03,240000,False,tulus,4.0
2FaquTc3FYvNm7RuO1gD6O,langit abu-abu,71,monokrom,2016-03-08,202950,False,tulus,3.38
3B4VP6swG49n3scg2aMfA6,pamit,69,monokrom,2016-03-08,232516,False,tulus,3.88
2x9UGhofPBZdeam4uZCUID,1000 tahun lamanya,69,pongki barata meets the stars,2014-09-20,232226,False,tulus,3.87
0pDmW5AOpl1Wi58Ob0xXB8,labirin,68,labirin,2018-08-24,182656,False,tulus,3.04
6PqWdGIYq5xdLaa4zCZfRp,jatuh suka,67,manusia,2022-03-03,235000,False,tulus,3.92
1vT1rKlEzvT9r0uYwAuwC8,manusia kuat,67,monokrom,2016-03-08,184600,False,tulus,3.08
2CGNAOSuO1MEFCbBRgUzjd,luther (with sza),94,gnx,2024-11-21,177598,False,kendrick lamar,2.96
3GCdLUSnKSMJhs4Tj6CV3s,all the stars (with sza),95,black panther the album music from and inspired by,2018-09-02,232186,True,kendrick lamar,3.87
3aSWXU6owkZeVhh94XxEWO,30 for 30 (with kendrick lamar),89,sos deluxe: lana,2024-12-20,278276,True,sza,4.64
4iZ4pt7kvcaH6Yo8UoZ4s2,snooze,89,sos,2022-09-12,201800,True,sza,3.36
3U3hFkMr0Q90pD24EkE3Pr,bmf,89,sos deluxe: lana,2024-12-20,180746,True,sza,3.01
1Qrg8KqiBpW07V7PNxwwwL,kill bill,87,sos,2022-08-12,153946,False,sza,2.57
040I32EKLxQrkuxQu1pqvT,saturn,83,sos deluxe: lana,2024-12-20,186191,False,sza,3.1
5Y35SjAfXjjG0sFQ3KOxmm,nobody gets me,87,sos,2022-09-12,180853,True,sza,3.01
4PMqSO5qyjpvzhlLI5GnID,good days,84,sos,2022-09-12,278480,True,sza,4.64
6koKhrBBcExADvWuOgceNZ,open arms (feat. travis scott),84,sos,2022-08-12,239613,False,sza,3.99
567e29TDzLwZwfDuEpGTwo,stay (with justin bieber),82,f*ck love 3+: over you,2021-07-27,141805,True,the kid laroi,2.36
6QFCMUUq1T2Vf5sFUXcuQ7,beauty and a beat,83,believe,2012-01-01,227986,False,justin bieber,3.8
1f8zcJPvJKvxAOjEqM0pyc,love yourself,71,purpose (deluxe),2015-11-13,233720,False,justin bieber,3.9
0JBq4P9Jpp37F1PteCgGL1,sorry,69,purpose (deluxe),2015-11-13,200786,False,justin bieber,3.35
6I3mqTwhRpn34SLVafSH7G,ghost,84,justice,2021-03-19,153190,False,justin bieber,2.55
3JsydWaf2Ev4ehaLUjj3SY,confident,84,journals,2014-05-13,248133,False,justin bieber,4.14
6epn3r7S14KUqlReYr77hA,baby,84,my world 2.0,2010-01-01,214240,False,justin bieber,3.57
0NpZenGEA81m99MX1Q677C,what do you mean?,64,purpose (deluxe),2015-11-13,205680,False,justin bieber,3.43
69u7FJV6RIbQS3VuqLPSwl,bad guy,60,playlist for gamers,2021-08-18,194839,False,billie eilish,3.25
6hvRoJ0BTZywxu8UCPBkzx,i don't care,65,+-=÷× (tour collection),2024-09-27,219946,False,ed sheeran,3.67
5MIpcd16T59wFeqAChSYwC,duka,81,duka,2016-09-25,325147,False,last child,5.42
2vzpoecVhBE1pKtHzKONaN,seluruh nafas ini,75,our biggest thing ever,2014-12-30,292337,False,last child,4.87
0fiKmieZ6xzoolzNOC3Fxi,sekuat hatimu,75,our biggest thing ever,2014-12-30,283760,False,last child,4.73
4HPxh6IkRxCkb3T06Pltch,diary depresiku,74,everything we are everything,2015-11-01,317650,False,last child,5.29
1imyB3ufkQTtOnD2PYUSuu,bernafas tanpamu,72,surat cinta untuk starla,2017-10-19,295993,False,last child,4.93
3z2Kcl9Oz1IxSgVoKN6RXo,tak pernah ternilai,68,tak pernah ternilai,2015-01-13,253023,False,last child,4.22
5xtZ0Zz2J2ugaO6w6yC48w,pedih,66,everything we are everything,2015-11-01,278205,False,last child,4.64
1Fi8jAQk4oVQKv2j7TPSz5,saat saat itu,65,saat saat itu,2022-06-30,186009,False,last child,3.1
47fft3IJn3KKpC1nrJnOBg,percayalah - new,62,our biggest thing ever,2014-12-30,225594,False,last child,3.76
3V38fhMHZvF8blUSepXWcn,lagu terakhir untukmu,61,everything we are everything,2015-11-01,209215,False,last child,3.49
25M9piWxSsq0xLcjQW5yz6,bawa dia kembali,79,fábula,2023-01-23,226773,False,mahalini,3.78
6XKEElbr3cWmnUw6a5HRBV,mati-matian,77,mati-matian,2024-03-29,244137,False,mahalini,4.07
6O0WEM0QNEhqpU50BKui7o,sial,74,fábula,2023-01-23,243724,False,mahalini,4.06
0R6KCq5TLJB3gi2ragMrXZ,sisa rasa,73,fábula,2023-01-23,254863,False,mahalini,4.25
6gARWk9hXgTUImaKUsTu6w,bohongi hati,73,fábula,2023-01-23,262753,False,mahalini,4.38
2gsRMFzelZuRQo8r11RsLr,mencintaimu - (from: 2nd miracle in cell no.7),73,mencintaimu (from: 2nd miracle in cell no.7),2024-12-23,294000,False,mahalini,4.9
5bY4g7cLyasuuhthJ7Mdlh,sampai menutup mata,72,sampai menutup mata,2024-06-09,248666,False,mahalini,4.14
6H7lvP0NgAF39Rn3qve4Og,melawan restu,70,fábula,2023-01-23,220000,False,mahalini,3.67
6qolkjGnFjsui0h0bosp9p,kisah sempurna,68,fábula,2023-01-23,276019,False,mahalini,4.6
4D41thx2lQiCY2r0QsfVYc,aku yang salah,66,aku yang salah,2020-08-07,251553,False,mahalini,4.19
1MdjZzEInrmDBXf8zs0nKS,dan...,74,sheila on 7,1999-07-14,288706,False,sheila on 7,4.81
1BaGfrlIWinaF77p7QASBH,seberapa pantas,71,07 des,2002-03-26,241293,False,sheila on 7,4.02
1nfOP7xNHeFSPOlziXswJc,hari bersamanya,70,berlayar,2011-03-15,232706,False,sheila on 7,3.88
1ylY6UrF7cmOZ9GDOxrfk8,bila kau tak disampingku,70,kisah klasik untuk masa depan,2000-04-10,256173,False,sheila on 7,4.27
0HiNUFD2ovdPC2p5tbnzCG,kita,70,sheila on 7,1999-07-14,276666,False,sheila on 7,4.61
5gkTGkjFB5wAd3mSBEcQPY,sephia,68,kisah klasik untuk masa depan,2000-04-10,295520,False,sheila on 7,4.93
4NmiNWf3mFp078EFfvvgnr,sebuah kisah klasik,68,kisah klasik untuk masa depan,2000-04-10,242373,False,sheila on 7,4.04
2BCYKFDWnZi9PMkZiemQh1,film favorit,68,film favorit,2018-01-29,223500,False,sheila on 7,3.72
78tfcz1aUQlCzd3lkr614r,memori baik,67,memori baik,2024-11-25,263778,False,sheila on 7,4.4
41OCQS2Mul3MluLUUsfadr,anugerah terindah yang pernah kumiliki,65,sheila on 7,1999-07-14,268040,False,sheila on 7,4.47
0fK7ie6XwGxQTIkpFoWkd1,like jennie,93,ruby,2025-07-03,123517,True,jennie,2.06
4EIFwndJvGpgFjsEbNuYif,extral (feat. doechii),85,ruby,2025-07-03,167754,True,jennie,2.8
3gJAFFELdZyIM8tiwLAikg,handlebars (feat. dua lipa),88,ruby,2025-07-03,184698,True,jennie,3.08
0rx7xu0RmZLpJjKNVZjSVv,love hangover (feat. dominic fike),81,ruby,2025-07-03,180129,True,jennie,3.0
1kUyOJb3fzUo8r0OCz5SQk,mantra,81,ruby,2025-07-03,136627,True,jennie,2.28
6HjYE79OOCGEhkIRfXLqrz,damn right (feat. childish gambino & kali uchis),81,ruby,2025-07-03,230895,True,jennie,3.85
6SaSFVlIQC1L6Fh1QKLeFi,start a war,82,ruby,2025-07-03,165066,True,jennie,2.75
2chbuybiy6aDDBC985tJcP,zen,81,ruby,2025-07-03,201446,True,jennie,3.36
7rzzByujLJIBXpyOCnJhfx,with the ie (way up),81,ruby,2025-07-03,163899,True,jennie,2.73
5O2P9iiztwhomNh8xkR9lJ,night changes,89,four (deluxe),2014-11-17,226600,False,one direction,3.78
4nVBt6MZDDP6tRVdQTgxJg,story of my life,87,midnight memories (deluxe),2013-11-25,245493,False,one direction,4.09
4cluDES4hQEUhmXj6TXkSo,what makes you beautiful,85,up all night,2012-05-25,199986,False,one direction,3.33
2Bs4jQEGMycglOfWPBqrVG,steal my girl,83,four (deluxe),2014-11-17,228133,False,one direction,3.8
3NLnwwAQbbFKcEcV8hDItk,perfect,82,made in the a.m. (deluxe edition),2015-11-13,230333,False,one direction,3.84
2K87XMYnUMqLcX3zvtAF4G,drag me down,80,made in the a.m. (deluxe edition),2015-11-13,192120,False,one direction,3.2
2afCBiru10AFckfOa49wIa,you & i,80,midnight memories (deluxe),2013-11-25,237933,False,one direction,3.97
3JjnGLK8IxkNLvo8Lb3KOM,18,79,four (deluxe),2014-11-17,248360,False,one direction,4.14
1dQQ2QlnvXUehsRUrukKmf,right now,78,midnight memories (deluxe),2013-11-25,200400,False,one direction,3.34
5T7ZFtCcOgkpjxcuaeZbw0,best song ever,77,midnight memories (deluxe),2013-11-25,200106,False,one direction,3.34
3FwQ3RYYEekzjEeL3jdpUZ,pesan terakhir,81,lyodra,2021-07-16,261299,False,lyodra,4.35
66L6oBm77vpXuLCRX31iNX,tak dianggap,73,melangkah,2024-10-10,179841,False,lyodra,3.0
3zmN19fLAcKeDaajrIdWLB,terlalu cinta,73,terlalu cinta,2024-07-25,259040,False,yovie widianto,4.32
778yZPIEqLgL4qSi2zUh9F,tak selalu memiliki - ipar adalah maut original soundtrack,68,melangkah,2024-10-10,260571,False,lyodra,4.34
29lBFGkfr7EoJlb3lxi9Ij,menyesal,68,menyesal,2023-03-03,203454,False,yovie widianto,3.39
0hWOTHNAqqE5IsEAeylbqf,sang dewi,61,melangkah,2024-10-10,247993,False,lyodra,4.13
0rWP5ruLWqfARc6lOr0XXv,kau selalu di hati,65,symphony from the heart,2025-03-20,251091,False,andi rianto,4.18
0DjsS2osWXl1k3O1E96YHd,ego,60,melangkah,2024-10-10,274153,False,lyodra,4.57
1jKyWssDMP83VtugbwCJ6g,malu malu tapi nyaman,64,melangkah,2024-10-10,219943,False,lyodra,3.67
2bRNul3hyw1PSb7HoYLVPY,sampaikan rindu,61,melangkah,2024-10-10,267826,False,lyodra,4.46
3AJwUDP919kvQ9QcozQPxg,yellow,92,parachutes,2000-10-07,266773,False,coldplay,4.45
1mea3bSkSGXuIRvnydlB5b,viva la vida,88,viva la vida or death and all his friends,2008-06-06,242373,False,coldplay,4.04
6RUKPb4LETWmmr3iAEQktW,something just like this,89,memories...do not open,2017-07-04,247160,False,the chainsmokers,4.12
75JFxkI2RXiU7L9VXzMkle,the scientist,89,a rush of blood to the head,2002-08-27,309600,False,coldplay,5.16
0FDzzruyVECATHXKHFs9eJ,a sky full of stars,89,ghost stories,2014-05-16,267866,False,coldplay,4.46
7D0RhFcb3CrfPuTJ0obrod,sparks,87,parachutes,2000-10-07,227093,False,coldplay,3.78
7LVHVU3tWfcxj5aiPFEW4Q,fix you,87,x&y,2005-07-06,295533,False,coldplay,4.93
0BCPKOYdS2jbQ8iyB56Zns,clocks,86,a rush of blood to the head,2002-08-27,307879,False,coldplay,5.13
6nek1Nin9q48AVZcWs9e9D,paradise,86,mylo xyloto,2011-10-24,278719,False,coldplay,4.65
3RiPr603aXAoi4GHyXx0uy,hymn for the weekend,85,a head full of dreams,2015-04-12,258266,False,coldplay,4.3
3BJe4B8zGnqEdQPMvfVjuS,summertime sadness,84,born to die - the paradise edition,2012-01-01,265427,False,lana del rey,4.42
2nMeu6UenVvwUktBCpLMK9,young and beautiful,86,young and beautiful,2013-01-01,236053,False,lana del rey,3.93
2mdEsXPu8ZmkHRRtAdC09e,cinnamon girl,86,norman fucking rockwell!,2019-08-30,300683,False,lana del rey,5.01
6GGtHZgBycCgGBUhZo81xe,say yes to heaven,85,say yes to heaven,2023-05-19,209156,False,lana del rey,3.49
5Y6nVaayzitvsD5F7nr3DV,west coast,84,ultraviolence (deluxe),2014-01-01,256760,False,lana del rey,4.28
1NZs6n6hl8UuMaX0UC0YTz,brooklyn baby,83,ultraviolence (deluxe),2014-01-01,351640,True,lana del rey,5.86
0fBSs3fRoh1yJcne77fdu9,video games,78,born to die - the paradise edition,2012-01-01,281960,False,lana del rey,4.7
4cYllEeJVH7dWKwQxpbk42,the abyss (feat. lana del rey),73,hurry up tomorrow,2025-01-30,282873,False,the weeknd,4.71
1o82DwNisONAd2mu1RcGE6,margaret (feat. bleachers),82,did you know that there's a tunnel under ocean blvd,2023-03-24,339890,False,lana del rey,5.66
2vtmY2mSccRzKGjtcHSzI3,diet mountain dew,78,born to die - the paradise edition,2012-01-01,222920,False,lana del rey,3.72
5uCax9HTNlzGybIStD3vDh,say you won't let go,85,back from the edge,2016-10-28,211466,False,james arthur,3.52
0otRX6Z89qKkHkQ9OqJpKt,car's outside,85,you,2019-10-18,248373,False,james arthur,4.14
6mQLN3zRtAp6ovjusyYKrV,rewrite the stars (with james arthur & anne-marie),81,rewrite the stars (with james arthur & anne-marie),2018-10-25,218293,False,james arthur,3.64
0VhgEqMTNZwYL1ARDLLNCX,can i be him,81,back from the edge,2016-10-28,246880,False,james arthur,4.11
5yVIlYEHZxQVLyInCdldoS,impossible,79,james arthur (deluxe),2013-04-11,209440,False,james arthur,3.49
55Am8neGJkdj2ADaM3aw5H,train wreck,79,back from the edge,2016-10-28,208826,False,james arthur,3.48
2fmyrECK6bdfoGven0UMZx,naked,71,you,2019-10-18,233400,False,james arthur,3.89
4WRNS1oYuYArlw9C8bK32h,a thousand years,63,bitter sweet love (deluxe),2024-06-28,254316,False,james arthur,4.24
395KzBy0bkb57dEvg6cfzJ,falling like the stars,70,you,2019-10-18,211653,False,james arthur,3.53
71BrY73Q1m74SPtRvxr1np,a year ago,62,bitter sweet love,2024-01-26,170840,False,james arthur,2.85
1AoBdDIOp6RFjAbzcPbWi8,janji setia,76,tiara andini,2021-12-17,261000,False,tiara andini,4.35
3nHxZEe1dT7zs73DG6pNll,usai,73,usai,2022-11-25,217200,False,tiara andini,3.62
6L1jkVbb331DNvK89C3L8u,masih hatiku,70,masih hatiku,2024-02-22,262341,False,arsy widianto,4.37
3Ysf0Y3iu23mrDsVh1mdu0,merasa indah,71,tiara andini,2021-12-17,220250,False,tiara andini,3.67
1PuhA9UXgH4wRnXzYk5S2Z,kupu - kupu,70,kupu - kupu,2024-04-18,242090,False,tiara andini,4.03
53fKDMfQhWMSw7QKVDOTBP,cintanya aku,69,cintanya aku,2021-01-22,234125,False,tiara andini,3.9
3diRmt2Z6xSEaT0mqBr681,lagu pernikahan kita,65,lagu pernikahan kita,2024-01-02,261476,False,tiara andini,4.36
4b3k28lrqT1YxyV6z6qEpe,bukan untukku,64,bukan untukku,2024-03-10,232880,False,tiara andini,3.88
3tri5XrdkhTT8dXPhWXZDa,cantik,62,arti semestinya cinta,2024-07-03,240862,False,tiara andini,4.01
1oAwsWBovWRIp7qLMGPIet,apocalypse,88,cigarettes after sex,2017-09-06,290146,False,cigarettes after sex,4.84
7mDTvYD2ieE4Q28XFziMfJ,cry,85,cry,2019-10-25,256799,False,cigarettes after sex,4.28
0yuAWlxq59xT3agQ965OxE,sunsetz,84,cigarettes after sex,2017-09-06,214680,False,cigarettes after sex,3.58
2xGjfbXZnI8uQDhukoQURQ,k.,84,cigarettes after sex,2017-09-06,319560,False,cigarettes after sex,5.33
2KhrPRV0V1FS2l4eQMJUWt,sweet,83,cigarettes after sex,2017-09-06,291640,False,cigarettes after sex,4.86
3W7KHojYGgYaoX9ogKO9hU,nothing's gonna hurt you baby,80,i.,2012-07-21,286293,False,cigarettes after sex,4.77
5E02BgqYNN9VzafXrYP6Np,heavenly,78,cry,2019-10-25,286773,False,cigarettes after sex,4.78
1v7ptGUBS2DbbRmfIG0hU2,touch,75,cry,2019-10-25,292853,False,cigarettes after sex,4.88
4xbN7giFhdGbSQTPyG178F,john wayne,74,cigarettes after sex,2017-09-06,258013,False,cigarettes after sex,4.3
3g7ngtg7xK3N9nKwAjDfH3,falling in love,73,cry,2019-10-25,245840,False,cigarettes after sex,4.1
2LHNTC9QZxsL3nWpt8iaSR,abracadabra,86,mayhem,2025-07-03,223398,False,lady gaga,3.72
1QV6tiMFM6fSOKOGLMHYYg,poker face,85,the fame,2008-01-01,237200,True,lady gaga,3.95
4mUR5Tv0CvJtpmnUtzeIgd,garden of eden,87,mayhem,2025-07-03,239720,False,lady gaga,4.0
0T3Hw3kPj9T2E4UoaSXmfn,disease,82,mayhem,2025-07-03,229997,False,lady gaga,3.83
1dzQoRqT5ucxXVaAhTcT0J,just dance,83,the fame,2008-01-01,241933,False,lady gaga,4.03
2rbDhOo9Fh61Bbu23T2qCk,always remember us this way,85,a star is born soundtrack (without dialogue),2018-05-10,210200,False,lady gaga,3.5
2VxeLyX666F8uXCJ0dZF8B,shallow,85,a star is born soundtrack,2018-05-10,215733,False,lady gaga,3.6
0SiywuOBRcynK0uKGWdCnn,bad romance,85,the fame monster (deluxe edition),2009-05-11,294573,True,lady gaga,4.91
2rvd6akG8qEtBNUvQpN7iY,how bad do u want me,85,mayhem,2025-07-03,238886,True,lady gaga,3.98
6gjkHuMOR0CrN7Vb2NoEdg,anugerah terindah,80,cinta & doa,2023-09-22,282200,False,andmesh,4.7
4TPtPQIPMjWoRuZj4JLPDw,cinta luar biasa,71,cinta luar biasa,2019-11-22,257600,False,andmesh,4.29
75PlPerpoh1Bgeo7wA61RC,andaikan kau datang,69,cinta & doa,2023-09-22,247464,False,andmesh,4.12
0qGWdzIbvxO1QsUiwfAoNz,hanya rindu,66,cinta luar biasa,2019-11-22,252055,False,andmesh,4.2
5zEBoIoXuyW11jRZPh8yTH,bisa tanpamu,64,cinta & doa,2023-09-22,250650,False,andmesh,4.18
3nlpqcuF0zqWwkS5eRnAyg,jangan rubah takdirku,64,cinta luar biasa,2019-11-22,234813,False,andmesh,3.91
6iM8eGKLgWzoHmsdak2Nty,kumau dia,64,cinta luar biasa,2019-11-22,256226,False,andmesh,4.27
1li6ZfdoeHY0STg2hU2pkE,nyaman,63,cinta luar biasa,2019-11-22,226345,False,andmesh,3.77
2NHiy6rZOvm7XFMAIN7jxT,senyumlah,62,cinta luar biasa,2019-11-22,211594,False,andmesh,3.53
1jNHpxroMtfa6c7plkVUTL,tiba tiba,56,cinta & doa,2023-09-22,229399,False,andmesh,3.82
6Hii26x3qDErVitnGW8QtO,runtuh,80,runtuh,2021-01-10,223973,False,feby putri,3.73
6xeqCawPZngDVqw2W2aGaR,kembali pulang,78,kembali pulang,2022-10-28,207898,False,suara kayu,3.46
2dTIJVE0stqTvrhbpf7fFw,halu,71,riuh,2022-01-21,265737,False,feby putri,4.43
5GgRntbjr23OK9MMST02di,usik,70,riuh,2022-01-21,311496,False,feby putri,5.19
2mGGmw0htjUmy2Saf2i6RZ,liar angin,58,riuh,2022-01-21,229955,False,feby putri,3.83
2WKS8Tk8OwHnAY847eq1Xr,tanpa pamrih,54,tanpa pamrih,2022-05-08,212968,False,feby putri,3.55
1lZG3vqLkaEoW5IMIJ7y76,negeriku - collabonation version,53,negeriku (collabonation version),2023-10-08,311672,False,feby putri,5.19
4yDpYEuT1mQn3ZcEB1gceL,dear diary,53,masterpiece maia estianty,2020-10-15,220856,False,feby putri,3.68
5sgshmBMddmfaYhePRswOs,cahaya,50,riuh,2022-01-21,236750,False,feby putri,3.95
0GiVUtoocUKStsvza9eDUd,"detik, menit, jam",50,2016,2023-03-31,274000,False,feby putri,4.57
0qjuyXWrksQxIRntqz9ZJV,tanpa cinta,77,still the one,2014-04-14,256385,False,yovie & nuno,4.27
7er7WofjVw4QwPAyxH39jH,menjaga hati,73,the special one,2007-10-12,237400,False,yovie & nuno,3.96
6LF44wAs3h0K67RitTAfr5,sampai akhir waktu,72,winning 11,2010-08-16,215373,False,yovie & nuno,3.59
7DYQu1YIeFbQtBXBEOLfC5,mengejar mimpi,69,winning 11,2010-08-16,248066,False,yovie & nuno,4.13
3vN8A1HfOcytUpCiEm2qqI,merindu lagi (pada kekasih orang),68,winning 11,2010-08-16,179546,False,yovie & nuno,2.99
2gTg860d3Ju5ZbmkVVjukZ,manusia biasa (clb),67,winning 11,2010-08-16,227480,False,yovie & nuno,3.79
1OQyfW04HtxbKJykjlG3wD,dia milikku,65,the special one,2007-10-12,211933,False,yovie & nuno,3.53
6eekwSXpB57v26oEzcAhcf,janji suci,65,the special one,2007-10-12,198173,False,yovie & nuno,3.3
2edAglJ6sNF8MmLkV8Dp0R,bunga jiwaku,65,bunga jiwaku,2025-07-02,197260,False,yovie & nuno,3.29
5It44CCAJpMBShYw1swvql,sempat memiliki,57,the special one,2007-10-12,252093,False,yovie & nuno,4.2
3xpMytpniCnjXCgy7TcFDw,bawalah cintaku,73,the one,2010-01-04,233351,False,afgan,3.89
4RO9HkL5gStGYDofw0QWDX,jodoh pasti bertemu,71,live to love,2013-05-02,245232,False,afgan,4.09
24Dk7XFLnMXYuv1U9Qjv3U,ku dengannya kau dengan dia,72,sides,2016-08-24,268946,False,afgan,4.48
7pnySx65jx0qm8ZmV6R56m,bukan cinta biasa,72,the one,2010-01-04,251480,False,afgan,4.19
2JNkwar9orTpjlBoDgTXbJ,percayalah,67,sides,2016-08-24,264133,False,afgan,4.4
2BIqdq5nGdZRB6qCS4YHDD,untukmu aku bertahan,68,live to love,2013-05-02,248471,False,afgan,4.14
2n5MdJ8bdz4QYOTdeZaBd5,panah asmara,67,dekade,2018-02-21,274539,False,afgan,4.58
6RxfiwKHEUCWSR7vRE4b5g,kamu yang kutunggu,65,"love, life & music",2014-05-19,254013,False,rossa,4.23
4z8CduM0gnyJxgLNrEvxEh,wajahmu mengalihkan duniaku,64,the one,2010-01-04,189506,False,afgan,3.16
3NAs0Yhq5pDrHpkC6sg2Vi,terima kasih cinta,58,confession no.1 (17th anniversary edition),2025-02-14,249413,False,afgan,4.16
5eBk8ZXcd0pb0AO4a5PpOg,gala bunga matahari,75,markers and such pens flashdisks,2024-04-30,209693,False,sal priadi,3.49
5Egm9N7FnzsThl1CFXB2mm,kita usahakan rumah itu,71,markers and such pens flashdisks,2024-04-30,211244,False,sal priadi,3.52
1NzyVlr2fOWOfigbwDabme,mesra-mesraannya kecil-kecilan dulu,69,markers and such pens flashdisks,2024-04-30,209719,False,sal priadi,3.5
0Y7dCFSIdB9vJ8nnVIAfuv,i'd like to watch you sleeping,71,markers and such pens flashdisks,2024-04-30,309333,False,sal priadi,5.16
26aNjbOgTVrFZEx7was69A,mencintaimu,68,mencintaimu,2023-10-27,274041,False,sal priadi,4.57
4s8W4gutSQnFIDNThqUPSI,semua lagu cinta,62,markers and such pens flashdisks,2024-04-30,231187,False,sal priadi,3.85
71ZLnmvl1AUO0gqWvhPBw2,dari planet lain,58,markers and such pens flashdisks,2024-04-30,169220,False,sal priadi,2.82
1CVUWAC845LKEDHH0l8XG2,serta mulia,58,serta mulia,2021-02-19,189000,False,sal priadi,3.15
0xnzQ3Ek5X5r2pcbwIEQdc,besok kita pergi makan,58,besok kita pergi makan,2023-05-20,206092,False,sal priadi,3.43
1mruWrUwAVe2XkksUQiaHK,selamat (selamat tinggal),79,selamat (selamat tinggal),2019-06-17,313670,False,virgoun,5.23
5o6StwqqVfG3vRLx8UP310,surat cinta untuk starla,75,surat cinta untuk starla,2016-02-16,308036,False,virgoun,5.13
0O2GtSCle8Eujbc1Voh2VY,bukti,71,bukti,2017-09-19,284973,False,virgoun,4.75
22k5lgD5F7Pc7BodEMzDrY,saat kau telah mengerti,71,saat kau telah mengerti,2023-01-13,290751,False,virgoun,4.85
0z7jhodL97W88al5OI1zh1,orang yang sama,68,orang yang sama,2021-04-15,268534,False,virgoun,4.48
0vOWXVAYy7uN7UQlqaVFwL,surat cinta untuk starla,61,surat cinta untuk starla,2017-10-19,267911,False,virgoun,4.47
4lBPncN938dzMCaZDqJ27a,"seluruh nafas ini (feat. francis karel, yemima grace) - new version",59,surat cinta untuk starla,2017-10-19,276427,False,virgoun,4.61
3aI6hYm8OVAE5zNFJXlNJ3,titik balik di hidupku,54,titik balik di hidupku,2019-11-27,287287,False,virgoun,4.79
6bbPyOykzlKf0Y784qKdQh,maha pemilik hati,57,maha pemilik hati,2018-02-05,259325,False,virgoun,4.32
7tWLlTfLl6Lcy2OweV4GSs,saat hatiku bertanya,54,saat hatiku bertanya,2019-01-04,217763,False,virgoun,3.63
2u9S9JJ6hTZS3Vf22HOZKg,nokia,92,$ome $exy $ongs 4 u,2025-02-14,241023,True,drake,4.02
0NUqi0ps17YpLUC3kgsZq0,die trying,88,$ome $exy $ongs 4 u,2025-02-14,195431,True,partynextdoor,3.26
1zi7xx7UVEFkmKfv06H8x0,one dance,87,views,2016-06-05,173986,False,drake,2.9
78O33U6jbQtNiNfbkZudpd,she will,81,tha carter iv (explicit version),2011-01-01,305840,True,lil wayne,5.1
5mCPDVBb16L4XQwDdbRUpz,passionfruit,84,more life,2017-03-18,298940,True,drake,4.98
59nOXPmaKlBfGMDeOVGrIK,wait for u (feat. drake & tems),84,i never liked you,2022-04-29,189893,True,future,3.16
6DCZcSspjsKoFjzjrWoCdn,god's plan,83,scorpion,2018-06-29,198973,True,drake,3.32
5Nz7hI3cCOHmMR4vSLJ1An,gimme a hug,83,$ome $exy $ongs 4 u,2025-02-14,193054,True,drake,3.22
6LxSe8YmdPxy095Ux6znaQ,headlines,82,take care (deluxe),2011-11-15,235986,True,drake,3.93
4u43I0LP2Xf85OAS85eG0R,cn tower,82,$ome $exy $ongs 4 u,2025-02-14,241889,True,partynextdoor,4.03
46IZ0fSY2mpAiktS3KOqds,easy on me,84,30,2021-11-19,224694,False,adele,3.74
3di5hcvxxciiqwMH1jarhY,set fire to the rain,83,21,2011-01-24,242973,False,adele,4.05
3bNv3VuUOKgrf5hu3YcuRo,someone like you,83,21,2011-01-24,285240,False,adele,4.75
4OSBTYWVwsQhGLF9NHvIbR,rolling in the deep,81,21,2011-01-24,228093,False,adele,3.8
6VObnIkLVruX4UVyxWhlqm,skyfall,85,skyfall,2012-04-10,286480,False,adele,4.77
0DuWDLjriRPjDRoPgaCslY,love in the dark,81,25,2015-11-20,285935,False,adele,4.77
6O5TrlFWTYvznd9fMC0VvU,when we were young,79,25,2015-11-20,290900,False,adele,4.85
0Z5ok0QLLttAKsujOZYOXf,chasing pavements,77,19,2008-01-27,210506,False,adele,3.51
4zFHwVj4A8s0G5f7aOlpKo,hometown glory,77,19,2008-01-27,271226,True,adele,4.52
563SfWAHJs4FBZMkRN0IFN,send my love (to your new lover),76,25,2015-11-20,223078,False,adele,3.72
6m1TWFMeon7ai9XLOzdbiR,fake love,79,love yourself 轉 'tear',2018-05-18,242333,False,bts,4.04
5QDLhrAOJJdNAmCTJ8xMyW,dynamite,80,be,2020-11-20,199053,False,bts,3.32
46HNZY1i7O6jwTA7Slo2PI,my universe,76,music of the spheres,2021-10-15,226198,False,coldplay,3.77
4a9tbd947vo9K8Vti9JwcI,boy with luv (feat. halsey),76,map of the soul : persona,2019-12-04,229773,False,bts,3.83
5Odq8ohlgIbQKMZivbWkEo,left and right (feat. jung kook of bts),74,charlie,2022-06-10,154486,False,charlie puth,2.57
6jjYDGxVJsWS0a5wlVF5vS,butter,75,proof,2022-10-06,164952,False,bts,2.75
5FVbvttjEvQ8r2BgUcJgNg,life goes on,76,be,2020-11-20,207481,False,bts,3.46
69xohKu8C1fsflYAiSNbwM,run bts,76,proof,2022-10-06,204939,False,bts,3.42
2j1fFjWHCI9KJSwcuYAOyF,spring day,75,you never walk alone,2017-02-13,274097,False,bts,4.57
3uRLwBjI2TahxslcMTvpFs,dna,71,love yourself 承 'her',2017-09-18,223122,False,bts,3.72
5NmjnghJGJRFg34KGGx8O0,seandainya,80,my first love,2011-01-06,263407,False,vierra,4.39
5NVPptNO7R25ERR1pM7GOz,rasa ini,74,my first love,2011-01-06,240187,False,vierra,4.0
64004K6OpNt3gI3LtXYC7n,terlalu lama,70,"love, love & love",2011-01-02,247896,False,vierra,4.13
5oy5qoCYSSsf3nOEe9aIYZ,kesepian,68,"love, love & love",2011-01-02,249939,False,vierra,4.17
21eHgdUt3z5JymCne7WiNN,perih,67,my first love,2011-01-06,200156,False,vierra,3.34
5XSMeKHqpTh6J0CKmpwXR6,jadi yang kuinginkan,64,my first love,2011-01-06,187988,False,vierra,3.13
4ZWFs9951mmbXwEwu2MWEY,bersamamu,62,my first love,2011-01-06,252261,False,vierra,4.2
7AimCeId840zuaWl8RBAzT,dengarkan curhatku,54,my first love,2011-01-06,151022,False,vierra,2.52
35vw3FECIiK3sUQ5XfgsNp,takut,53,"love, love & love",2011-01-02,201270,False,vierra,3.35
1L3W6mjrIBvyvVkCM8RN40,semua tentangmu,51,"love, love & love",2011-01-02,227462,False,vierra,3.79
5CZ40GBx1sQ9agT82CLQCT,traitor,87,sour,2021-05-21,229226,False,olivia rodrigo,3.82
5wANPM4fQCJwkGd4rN57mH,drivers license,86,sour,2021-05-21,242013,True,olivia rodrigo,4.03
1kuGVB7EU95pJObxwvfwKS,vampire,85,guts,2023-08-09,219724,True,olivia rodrigo,3.66
6HU7h9RYOaPRFeh0R3UeAr,deja vu,86,sour,2021-05-21,215506,True,olivia rodrigo,3.59
4ZtFanR9U6ndgddUvNcjcG,good 4 u,84,sour,2021-05-21,178146,True,olivia rodrigo,2.97
2tGvwE8GcFKwNdAXMnlbfl,happier,84,sour,2021-05-21,175933,True,olivia rodrigo,2.93
5JCoSi02qi3jJeHdZXMmR8,favorite crime,83,sour,2021-05-21,152666,False,olivia rodrigo,2.54
4Yxc55NX3tAXC2mHRAhtcW,"all i want - from ""high school musical: the musical: the series""",80,"all i want (from ""high school musical: the musical: the series"")",2019-11-27,177322,False,olivia rodrigo,2.96
0MMyJUC3WNnFS1lit5pTjk,"jealousy, jealousy",82,sour,2021-05-21,173160,False,olivia rodrigo,2.89
3IX0yuEVvDbnqUwMBB3ouC,bad idea right?,80,guts,2023-08-09,184783,True,olivia rodrigo,3.08
3O9OibrJm0vSYxZjz3Pooe,remaja,72,kereta kencan,2017-03-23,218426,False,hivi!,3.64
4p5UcsOpnSYwqYnThBpDjD,mata ke hati (acoustic version),71,kereta kencan,2017-03-23,204293,False,hivi!,3.4
3ZwqWrRpylU9nfy99qwKdR,pelangi,70,kereta kencan,2017-03-23,217626,False,hivi!,3.63
5H4MSA6eIr6x1iBTn1vpMG,semenjak ada dirimu,70,semenjak ada dirimu,2024-08-22,226956,False,yovie widianto,3.78
1uF0XYWWeoWEWipY855GxT,siapkah kau 'tuk jatuh cinta lagi,69,siapkah kau 'tuk jatuh cinta lagi,2015-04-21,279998,False,hivi!,4.67
6B3klWr5zdlEUdqFm89Czb,satu-satunya,67,ceritera,2019-11-13,295700,False,hivi!,4.93
1Q9Jzgs6X0EtNtfq1lOqgH,indahnya dirimu,63,say hi to hivi!,2012-04-18,295026,False,hivi!,4.92
3x3rREiGYpZFooxt9OZMAy,kereta kencan,62,kereta kencan,2017-03-23,257760,False,hivi!,4.3
1Ml2eaYgtXPdklPnZeVqqv,mata ke hati,62,say hi to hivi!,2012-04-18,239453,False,hivi!,3.99
6wqmvAct0xhX6plr6wv5Jp,"tersenyum, untuk siapa?",61,ceritera,2019-11-13,275400,False,hivi!,4.59
1XGmzt0PVuFgQYYnV2It7A,payphone,85,overexposed track by track,2012-01-01,231173,True,maroon 5,3.85
4llK75pXNWZz6KAho2Gp16,she will be loved - radio mix,84,songs about jane: 10th anniversary edition,2002-01-01,259453,False,maroon 5,4.32
7oUHzZKNKUTrlU7DYxhQ7v,maps,73,v (asia tour edition),2015-05-18,189960,False,maroon 5,3.17
3TahdwXB4gJRWVAI00Ejqa,"moves like jagger - studio recording from ""the voice"" performance",69,hands all over (revised asia standard version),2010-01-01,201493,False,maroon 5,3.36
6ECp64rv50XVz93WvxXMGF,this love,84,songs about jane: 10th anniversary edition,2002-01-01,206200,False,maroon 5,3.44
3h4T9Bg8OVSUYa6danHeH5,animals,73,v (asia tour edition),2015-05-18,231013,False,maroon 5,3.85
4cktbXiXOapiLBMprHFErI,memories,84,jordi (deluxe),2021-11-06,189486,False,maroon 5,3.16
5d6Mjuu2uCGRPYpFjGpCX5,sugar,71,v (asia tour edition),2015-05-18,235493,True,maroon 5,3.92
6cpk00i5TxCqSeqNi2HuIe,one more night,80,overexposed track by track,2012-01-01,219546,False,maroon 5,3.66
5qII2n90lVdPDcgXEEVHNy,sunday morning,80,songs about jane: 10th anniversary edition,2002-01-01,244880,False,maroon 5,4.08
0tgVpDi06FyKpA1z0VMD4v,perfect,89,÷ (deluxe),2017-03-03,263400,False,ed sheeran,4.39
7qiZfU4dY1lWllzX7mPBI3,shape of you,89,÷ (deluxe),2017-03-03,233712,False,ed sheeran,3.9
1HNkqx9Ahdgi1Ixy2xkKkL,photograph,87,x (deluxe edition),2014-06-21,258986,False,ed sheeran,4.32
50nfwKoDiSYg8zOCREWAm5,shivers,85,=,2021-10-25,207853,False,ed sheeran,3.46
34gCuhDGsG4bRPIf9bb02f,thinking out loud,83,x (deluxe edition),2014-06-21,281560,False,ed sheeran,4.69
3rmo8F54jFF8OgYsqTxm5d,bad habits,82,=,2021-10-25,230746,False,ed sheeran,3.85
0afhq8XCExXpqazXczTSve,galway girl,81,÷ (deluxe),2017-03-03,170826,False,ed sheeran,2.85
6PCUP3dWmTjcTtXY02oFdT,castle on the hill,80,÷ (deluxe),2017-03-03,261153,False,ed sheeran,4.35
2DB4DdfCFMw1iaR6JaR03a,bam bam (feat. ed sheeran),71,familia,2022-07-04,206070,False,camila cabello,3.43
4sJmv194lQKWjytpaxH1Vj,separuh aku,74,seperti seharusnya,2012-01-01,266286,False,noah,4.44
0c9kI2G2rtBJ9Z2VYLD8k2,menunggumu,69,second chance,2014-01-01,225140,False,noah,3.75
1lqM76y0TREN56runS7zah,yang terdalam,66,taman langit,2021-01-12,199134,False,noah,3.32
3mEoBjkivqArqpchxTDwJ7,"hidup untukmu, mati tanpamu",65,seperti seharusnya,2012-01-01,322385,False,noah,5.37
742FUQO16gdvSWuFC6A40q,bintang di surga,61,bintang di surga,2022-01-10,301116,False,noah,5.02
4WsbuFA2ZnSKzs0U22shaI,walau habis terang,63,second chance,2014-01-01,217431,False,noah,3.62
4j4F6vkb8niNvoXA7MPP2d,mungkin nanti,63,bintang di surga,2022-01-10,269351,False,noah,4.49
2fvge3IXlShkfDDbhxKYkO,tak lagi sama,63,seperti seharusnya,2012-01-01,315884,False,noah,5.26
2ySNSBrtLTQ9gjnWy0g20w,menghapus jejakmu,58,hari yang cerah,2022-01-26,182272,False,noah,3.04
3EpdA4iksXLkdgNopkCCmm,kisah cintaku,49,sings legends,2016-01-04,269537,False,noah,4.49
2HRqTpkrJO5ggZyyK6NPWz,espresso,90,short n' sweet,2024-08-23,175459,True,sabrina carpenter,2.92
5G2f63n7IPVPPjfNIGih7Q,taste,91,short n' sweet,2024-08-23,157279,False,sabrina carpenter,2.62
2tHwzyyOLoWSFqYNjeVMzj,please please please,87,short n' sweet,2024-08-23,186365,True,sabrina carpenter,3.11
0b0Dz0Gi86SVdBxYeiQcCP,busy woman,91,short n' sweet (deluxe),2025-02-14,186612,True,sabrina carpenter,3.11
1UHS8Rf6h5Ar3CDWRd3wjF,bed chem,89,short n' sweet,2024-08-23,171869,False,sabrina carpenter,2.86
21B4gaTWnTkuSh77iWEXdS,juno,87,short n' sweet,2024-08-23,223192,True,sabrina carpenter,3.72
6dgUya35uo964z7GZXM07g,nonsense,87,emails i can't send,2022-07-15,163648,False,sabrina carpenter,2.73
1zhvxTuSha22nsUT5Nw8gE,15 minutes,86,short n' sweet (deluxe),2025-02-14,191519,True,sabrina carpenter,3.19
2Zo1PcszsT9WQ0ANntJbID,feather,86,emails i can’t send fwd:,2023-03-17,185552,True,sabrina carpenter,3.09
102YUQbYmwdBXS7jwamI90,good graces,84,short n' sweet,2024-08-23,185265,True,sabrina carpenter,3.09
5pvlSx0s2w3nKuyfrFnYBZ,to the bone,77,flying solo,2019-06-14,344571,False,pamungkas,5.74
1zu5ZpnrSArdoaT6Qq3yo9,monolog,72,walk the talk,2018-07-20,207216,False,pamungkas,3.45
0l13vtSXzPAKJ2m3q3WXX8,one only,69,walk the talk,2018-07-20,255492,False,pamungkas,4.26
0pDVCQpK0jAjhWYrzrz91x,risalah hati,69,pupus / risalah hati,2021-06-30,301824,False,pamungkas,5.03
5jLzpxUOnCsX5tfq7TGY9v,kenangan manis,69,walk the talk,2018-07-20,207937,False,pamungkas,3.47
6SnlmOpkHlnudckNjSIzqU,i love you but i'm letting go,67,walk the talk,2018-07-20,220163,False,pamungkas,3.67
7soe3jUC7mHUbF6v2Sf3IW,pupus,60,pupus / risalah hati,2021-06-30,315652,False,pamungkas,5.26
03i4BQtJCERuTWcjOxeIFr,sorry,54,walk the talk,2018-07-20,187111,False,pamungkas,3.12
0LEtPNrxR5JlF3KfLNHpUe,closure,54,solipsism,2020-06-25,222608,False,pamungkas,3.71
1cfTUInlwgjMUDUF83b6Gk,closure,53,solipsism 0.2,2021-03-02,406306,False,pamungkas,6.77
0qylf8OFOMUyVgao81ENFq,touch me,24,genki rockets ⅱ-no border between us-,2011-07-09,262973,False,genki rockets,4.38
1ezG3bvNptvtNMfB3Z7yI1,revive,19,genki rockets ｉｉ -no border between us- repackage,2012-08-08,244813,False,genki rockets,4.08
1K4N9LhNW3tvhu0sA99HqO,star line (grhn mix),19,genki rockets ｉｉ -no border between us- repackage,2012-08-08,256838,False,genki rockets,4.28
6dNnjnM1l7UB70WBkCXPtg,curiosity,17,genki rockets ⅱ-no border between us-,2011-07-09,260293,False,genki rockets,4.34
5Pz0YJuwIodU0qIg2kjgo2,make.believe,16,genki rockets ⅱ-no border between us-,2011-07-09,308173,False,genki rockets,5.14
6NXualMd9afwegt1V4sJ5h,touch me (kz mix),16,genki rockets ｉｉ -no border between us- repackage,2012-08-08,377786,False,genki rockets,6.3
4nSwGyOZHtFlqC60qNttb0,crystalfall,14,genki rockets ｉｉ -no border between us- repackage,2012-08-08,314666,False,genki rockets,5.24
0SxLPg4IQ04aNI9cwGAS07,wonderland,14,genki rockets ⅱ-no border between us-,2011-07-09,268440,False,genki rockets,4.47
6O9w7jKjbbF0UxWKSmkk1g,reaching for the stars,13,genki rockets ⅱ-no border between us-,2011-07-09,190280,False,genki rockets,3.17
42C2nNEayzwMxS8A9VRWYH,maker,13,genki rockets ⅱ-no border between us-,2011-07-09,267080,False,genki rockets,4.45
5CqWvv4ebi73LPeUGzzMSP,heart,33,heart and soul,1965-11-29,196899,False,gene rockwell,3.28
6ymvyGUlf6a2cyqLZ1c40e,wasted days and wasted nights,32,rosie,1970-11-16,175813,False,gene rockwell,2.93
3egJgdSg6aUWVhf9hbDF48,don't forget to remember,23,bly by my heer,2013-05-04,208626,False,gene rockwell,3.48
2YOhSP75nYAkDWhAGBvTOe,cry to me,19,gene rockwell and friends (the 21st anniversary album),2013-09-30,245708,False,gene rockwell,4.1
0uiSMoO3h6wyeAxyoIWqQc,just a closer walk with thee,10,bly by my heer,2013-05-04,174706,False,gene rockwell,2.91
4Qq3mof1TKgWiRd3jYtxpx,honkytonk angels (feat. joanna field),17,gene rockwell and friends (the 21st anniversary album),2013-09-30,199640,False,gene rockwell,3.33
6qcP65jB0TJFwB3aZYBcuK,shame on me,14,rosie,1970-11-16,212413,False,gene rockwell,3.54
0fDQ1vzro43IDLtZKd95Jl,bye bye love (feat. matt hurter),13,gene rockwell and friends (the 21st anniversary album),2013-09-30,139653,False,gene rockwell,2.33
5v9DvvnWnVYpNF8HI6yCKk,heart,11,bly by my heer,2013-05-04,224853,False,gene rockwell,3.75
33ji3SeUOBiwGF75JTTw43,jesus sweet jesus - my life's in good hands,3,bly by my heer,2013-05-04,247573,False,gene rockwell,4.13
3ZyMRe0jlSqffPBMeHUZFX,kangen,70,the 2000's greatest,2007-12-03,300512,False,dewa 19,5.01
5JESuE80fvausWHjcT9QVh,aku milikmu,72,format masa depan,1994-06-16,332733,False,dewa 19,5.55
6JusI70TeT9M2O1MXyXRRv,separuh nafas,67,the 2000's greatest,2007-12-03,222029,False,dewa 19,3.7
35E6odHU6yHAN0harHjemH,roman picisan,63,the 2000's greatest,2007-12-03,245016,False,dewa 19,4.08
2zcPAFEc7mhULI9PZMBWUx,dewi,63,the 2000's greatest,2007-12-03,261363,False,dewa 19,4.36
6MwIBSBiAMGomp4I80Xkgw,cinta 'kan membawamu kembali,64,terbaik terbaik,1995-02-08,259333,False,dewa 19,4.32
0MYAQRR7ZIIE1QD0rFgcMI,risalah hati,63,risalah hati,2021-07-23,345882,False,dewa 19,5.76
112PgZaSiXk8Mqem2Krgtq,selimut hati,61,the 2000's greatest,2007-12-03,279289,False,dewa 19,4.65
3PHc0M7QXIwPUDnZ9dBVCu,aku cinta kau dan dia,61,aku cinta kau dan dia,2021-04-08,283214,False,maliq & d'essentials,4.72
2uBmcHPBZtskiCQhCgmSs0,larut,60,the 2000's greatest,2007-12-03,248035,False,dewa 19,4.13
5XeFesFbtLpXzIVDNQP22n,i wanna be yours,92,am,2013-09-09,183956,False,arctic monkeys,3.07
0BxE4FqsDD1Ot4YuBXwAPp,505,87,favourite worst nightmare,2007-04-22,253586,False,arctic monkeys,4.23
5TTGoX70AFrTvuEtqHK37S,no. 1 party anthem,89,am,2013-09-09,243131,False,arctic monkeys,4.05
5FVd6KXrgO9B3JPmC8OPst,do i wanna know?,88,am,2013-09-09,272394,False,arctic monkeys,4.54
086myS9r57YsLbJpU0TgK9,why'd you only call me when you're high?,86,am,2013-09-09,161123,False,arctic monkeys,2.69
2AT8iROs4FQueDv2c8q2KE,r u mine?,82,am,2013-09-09,201726,False,arctic monkeys,3.36
2x8evxqUlF0eRabbW2JBJd,fluorescent adolescent,78,favourite worst nightmare,2007-04-22,183893,False,arctic monkeys,3.06
0NdTUS4UiNYCNn5FgVqKQY,snap out of it,79,am,2013-09-09,193030,False,arctic monkeys,3.22
7nzsY8vlnKdvGOEE0rjAXZ,arabella,77,am,2013-09-09,207356,False,arctic monkeys,3.46
2LGdO5MtFdyphi2EihANZG,knee socks,77,am,2013-09-09,257563,False,arctic monkeys,4.29
3GgeWCaT8v7sfjy3WiM7xp,jendela kelas 1,67,sumbang,1983-01-01,214273,False,iwan fals,3.57
4C37eXjGS2L3zzFlZbm7ri,tikus - tikus kantor,65,ethiopia,1986-01-01,153808,False,iwan fals,2.56
63ExqZn1078DmwWzPaNLvv,sore tugu pancoran,64,sore tugu pancoran,1985-01-01,249196,False,iwan fals,4.15
5SCPzBjZ81w5XadelUWbaf,galang rambu anarki,64,opini,1982-01-01,232106,False,iwan fals,3.87
7obj53PDpxszVdU35jVv5P,yang terlupakan,62,mata dewa,1989-01-01,296193,False,iwan fals,4.94
7af4P5FsSHsVdcvRsKiiis,ujung aspal pondok gede,63,sore tugu pancoran,1985-01-01,308732,False,iwan fals,5.15
63aIxMhj5WU6yJSxT7zxEA,surat buat wakil rakyat,62,wakil rakyat,1987-08-01,390652,False,iwan fals,6.51
4TiolTayUoFbofihzIT8rM,pesawat tempurku,62,celoteh - celoteh,1990-08-01,287741,False,iwan fals,4.8
1n9tH5BSsrztGUnvmHXiDs,aku sayang kamu,60,lagu terpopuler iwan fals (vol. 1),1990-01-08,259413,False,iwan fals,4.32
5NYJ8Fpnm3Ci1KsGeOjCt6,mata indah bola pingpong,59,wakil rakyat,1987-08-01,265264,False,iwan fals,4.42
11HoyxwXVwWq6lj2Rv37CH,saat bahagia,68,1000 kisah satu hati,2010-08-18,249106,False,ungu,4.15
4NOniDRyYcBjF6m1x3U8TK,cinta dalam hati,67,untukmu selamanya,2007-06-08,283360,False,ungu,4.72
4CGpzrPjP0xaJfN9g9FN9A,tercipta untukku,65,melayang,2005-07-12,265560,False,ungu,4.43
150GrtIUJF0IDT1KQb8JR8,demi waktu,65,melayang,2005-07-12,307520,False,ungu,5.13
4rHCqrJt6PJmR899XpDQNQ,percaya padaku,64,1000 kisah satu hati,2010-08-18,228280,False,ungu,3.8
3y8fGS2K2SfCVXYJx1DJ1o,kekasih gelapku,62,untukmu selamanya,2007-06-08,284946,False,ungu,4.75
1lZsCFr5kZllJT0kmBCusy,luka disini,62,penguasa hati,2009-04-27,284106,False,ungu,4.74
6ZQ5UsO10FVsglHGssVMCR,aku bukan pilihan hatimu,62,melayang,2005-07-12,244973,False,ungu,4.08
7vazJ9mJCeerIvhbLOp6Ie,seperti yang dulu,62,melayang,2005-07-12,262493,False,ungu,4.37
744hfEaqYWH8CEuGktNTGk,sejauh mungkin,60,melayang,2005-07-12,273413,False,ungu,4.56
4bf1MapeofdB3XKUqDMUOm,kau masih kekasihku,75,isyarat hati,2006-03-27,285173,False,naff,4.75
0zJIPpVcHKWqmf2FaKXbQQ,kenanglah aku,73,senandung hati dan jiwa,2009-05-14,240600,False,naff,4.01
6BoyG3bQ8rjDdqatMg5IWM,akhirnya ku menemukanmu,73,isyarat hati,2006-03-27,306213,False,naff,5.1
75oKENo18qceQGUKA7fZGc,terendap laraku,70,naff,2003-03-17,309360,False,naff,5.16
5DJilCqGJFPyTpXyYGzOL5,tak seindah cinta yang semestinya,64,rahasia hati,2008-12-03,249400,False,naff,4.16
3HoufUdjfXfLd6OhUEdlDS,kau masih kekasihku - live,52,senandung hati dan jiwa,2009-05-14,361600,False,naff,6.03
3n9Rplkkr17DE8EWJ8nWiz,bila nanti kau milikku,52,senandung hati dan jiwa,2009-05-14,296600,False,naff,4.94
2Op2N8IzE1plfE7VxlssVt,ketika semuanya harus berakhir,52,isyarat hati,2006-03-27,259346,False,naff,4.32
7AUE0KBMBICQcnan2PXlFp,yang tak pernah bisa mencintaimu,51,terlahir,2000-10-26,247586,False,naff,4.13
2IOv9Vyl6CzcgYQ8EDQqIz,dosa apa,51,chapter 07,2011-01-27,267880,False,naff,4.46
6zrnrcry6OHVFo3EDt6PYa,rahasia hati,73,king of soundtrack,2014-03-03,250682,False,nidji,4.18
0gwOixLwtjRpnC52W7aHYR,hapus aku,73,breakthru,2005-01-09,252540,False,nidji,4.21
3bRNhchbnI0qJqO2TAvqmb,sumpah dan cinta matiku,71,king of soundtrack,2014-03-03,285605,False,nidji,4.76
0ejpHFKbEqTcNQ4OMBawrP,laskar pelangi,68,king of soundtrack,2014-03-03,232756,False,nidji,3.88
5DDP5oVJS1jRLnngJVzWG0,biarlah,58,top up,2007-01-01,238422,False,nidji,3.97
5FHTGleM9Jg9BpQ2c0tf3N,bila aku jatuh cinta,55,breakthru,2005-01-09,239444,False,nidji,3.99
6UVUi1dGhFnyYBsakgT2Qq,sudah,52,breakthru,2005-01-09,264335,False,nidji,4.41
5ljoPIZmzmXVoTdF7ebfwE,rahasia hati (new version),51,rahasia hati (new version),2024-07-11,259599,False,nidji,4.33
7quso6g0wYYQG78mjmSyaI,jangan lupakan,50,top up,2007-01-01,287555,False,nidji,4.79
3dADXDcVKZyWnT5wGS7SYc,di atas awan,47,king of soundtrack,2014-03-03,258204,False,nidji,4.3
4v9JJX3ZzuFFOKrMOYHTVZ,tanpa pesan terakhir,72,dunia yang indah,2010-01-01,289280,False,seventeen,4.82
04tvOIuyk8y0QVA8Ta0UOd,untuk mencintaimu,72,lelaki hebat,2008-01-01,209346,False,seventeen,3.49
7zcmeZ4Xt54ICq90anFSXq,yang tlah merelakanmu,69,dunia yang indah,2010-01-01,293480,False,seventeen,4.89
3YZQseFqB5LVy9VcfVv7dp,jaga slalu hatimu,68,dunia yang indah,2010-01-01,285933,False,seventeen,4.77
1rq2b0GMPXfIdy2nezUAPN,hal terindah,68,dunia yang indah,2010-01-01,256626,False,seventeen,4.28
6IYoNF3OM00M8eJcjY9LuN,menemukanmu,64,dunia yang indah,2010-01-01,260866,False,seventeen,4.35
5iMfzmZXyTPJSuWA1Wg8Gi,memikirkan dia,60,5ang juara,2013-01-06,253373,False,seventeen,4.22
4C4i0foaBvHsv4XaXhNgrb,selalu mengalah,59,lelaki hebat,2008-01-01,228226,False,seventeen,3.8
3CN43LtX1MJNByRu2Yc32I,ayah,58,lelaki hebat,2008-01-01,241400,False,seventeen,4.02
6CxhjZmbRf9DGJR31il7or,sumpah ku mencintaimu,58,5ang juara,2013-01-06,264266,False,seventeen,4.4
2nLtzopw4rPReszdYBJU6h,numb,88,meteora,2003-03-25,187520,False,linkin park,3.13
1EDPVGbyPKJPeGqATwXZvN,the emptiness machine,84,from zero,2024-11-15,190427,True,linkin park,3.17
60a0Rd6pjrkxjPbaKzXjfq,in the end,88,hybrid theory (bonus edition),2000-10-24,216880,False,linkin park,3.61
4Yf5bqU3NK4kNOypcrLYwU,faint,85,meteora,2003-03-25,162106,False,linkin park,2.7
3K4HG9evC7dg3N0R9cYqk4,one step closer,84,hybrid theory (bonus edition),2000-10-24,157333,False,linkin park,2.62
2HBBM75Xv3o2Mqdyh1NcM0,heavy is the crown,81,from zero,2024-11-15,167012,False,linkin park,2.78
18lR4BzEs7e3qzc0KVkTpU,what i've done,83,minutes to midnight,2007-05-14,205226,False,linkin park,3.42
3fjmSxt0PskST13CSdBUFx,somewhere i belong,80,meteora (bonus edition),2003-03-25,213933,False,linkin park,3.57
57BrRMwf9LrcmuOsyGilwr,crawling,80,hybrid theory (bonus edition),2000-10-24,208960,False,linkin park,3.48
6i5qhmmF9UNUBRyrPSGn4m,two faced,79,from zero,2024-11-15,183584,False,linkin park,3.06
7j31rVgGX9Q2blT92VBEA0,teenagers,80,the black parade,2006-10-20,161920,False,my chemical romance,2.7
5dTHtzHFPyi8TlTtzoz1J9,helena,79,three cheers for sweet revenge,2004-08-06,204733,False,my chemical romance,3.41
5wQnmLuC1W7ATsArWACrgW,welcome to the black parade,79,the black parade,2006-10-20,311106,False,my chemical romance,5.19
7lRlq939cDG4SzWOF4VAnd,i'm not okay (i promise),78,three cheers for sweet revenge,2004-08-06,186480,True,my chemical romance,3.11
4RAOI1etsgbh5NP3T5R8rN,i don't love you,77,the black parade,2006-10-20,238680,False,my chemical romance,3.98
6T7MAQCekVb3UnCykjX3BP,disenchanted,75,the black parade,2006-10-20,295000,False,my chemical romance,4.92
2d6m2F4I7wCuAKtSsdhh83,famous last words,73,the black parade,2006-10-20,299226,False,my chemical romance,4.99
0GgN4MhR5GKn5IcKN0e0rG,cancer,73,the black parade,2006-10-20,142973,False,my chemical romance,2.38
5BB0Jzw60KyfSTyjJqtely,na na na (na na na na na na na na na),72,danger days: the true lives of the fabulous killjoys,2010-05-11,205960,True,my chemical romance,3.43
1yKAqZoi8xWGLCf5vajroL,the ghost of you,71,three cheers for sweet revenge,2004-08-06,194253,False,my chemical romance,3.24
5ljSDO6UpH02bQllrMR4Al,karena kamu,72,meraih bintang,2011-03-01,234521,False,geisha,3.91
2JLdXUhCP7JPHBVccphHId,jika cinta dia,70,anugrah terindah,2009-01-09,250496,False,geisha,4.17
42N27sa7uU9kJtj8NKCznx,cinta dan benci,69,meraih bintang,2011-03-01,252540,False,geisha,4.21
7vcoZ5pFHObFaToqGNtTlB,lumpuhkan ingatanku,67,seleksi hits,2012-06-22,257834,False,geisha,4.3
7N2iHqv7uTnxwuyOPrWCG0,tak kan pernah ada,67,anugrah terindah,2009-01-09,214552,False,geisha,3.58
1ShfoRL80VSHks0OgOUu9i,sementara sendiri,59,yang viral dari geisha,2023-11-24,216375,False,geisha,3.61
4ytRZskZqTDjN00xvshW0g,pergi saja,61,meraih bintang,2011-03-01,241580,False,geisha,4.03
2fiQmriqLoHuIxJDu0JUIA,kamu yang pertama,58,anugrah terindah,2009-01-09,183530,False,geisha,3.06
7aoIJLDsW3jffzFJzQbmuN,selalu salah,56,anugrah terindah,2009-01-09,244273,False,geisha,4.07
0XhG4rw4XJIiznpBSsKH5I,kemesraan,49,satu,2016-09-02,311267,False,iwan fals,5.19
6TTnWaXzirXgyfhdM4sl0Y,menghapus jejakmu,65,hari yang cerah,2007-01-12,183994,False,peterpan,3.07
3mJ9p1LjfESbmmy9r1CvgE,mimpi yang sempurna,63,the journey (vol. 2),2008-01-01,216688,False,peterpan,3.61
7wwvAj5QSZCEYY5502wHim,semua tentang kita,62,taman langit,2003-06-01,265450,False,peterpan,4.42
0s7lGC3TIFXnc5F087oKRN,ada apa denganmu,62,bintang di surga,2004-07-26,280826,False,peterpan,4.68
3IZduSshBfpO2qZGCusLsg,"mungkin nanti - from ""alexandria"" soundtrack",61,bintang di surga,2004-07-26,268226,False,peterpan,4.47
58ZlToja2Ew7gsrqtuHoIs,"tak bisakah - from ""alexandria"" soundtrack",61,"alexandria (from ""alexandria"" / original motion picture soundtrack)",2005-01-09,214552,False,peterpan,3.58
1PsJyjiZx4VpmCzC7hcnIT,kisah cintaku,59,the journey (vol. 2),2008-01-01,269908,False,peterpan,4.5
6gh76TtNQp4w87q6dHhtGR,menunggumu,61,"sebuah nama, sebuah cerita",2008-01-12,223097,False,peterpan,3.72
1GAhVEfVbNegersfj35J88,"ku katakan dengan indah - from ""alexandria"" soundtrack",60,bintang di surga,2004-07-26,334066,False,peterpan,5.57
0VBYPurR0c3hlxZOn2twBt,bintang di surga,60,bintang di surga,2004-07-26,300160,False,peterpan,5.0
1fDFHXcykq4iw8Gg7s5hG9,about you,85,being funny in a foreign language,2022-10-14,326490,False,the 1975,5.44
4m0q0xQ2BNl9SCAGKyfiGZ,somebody else,73,"i like it when you sleep, for you are so beautiful yet so unaware of it",2016-02-26,347525,True,the 1975,5.79
73jVPicY2G9YHmzgjk69ae,robbers,72,the 1975,2013-01-01,254509,False,the 1975,4.24
3TgMcrV32NUKjEG2ujn9eh,it's not living (if it's not with you),73,a brief inquiry into online relationships,2018-11-30,248335,False,the 1975,4.14
4WiiRw2PHMNQE0ad6y6GdD,chocolate,66,the 1975,2013-01-01,224673,False,the 1975,3.74
12g9IeQzX7xECLNxz8dpb5,i'm in love with you,69,being funny in a foreign language,2022-10-14,262623,True,the 1975,4.38
7LbUv7w2z7rEbNqp1uIL9U,fallingforyou,66,the 1975 (deluxe),2013-02-09,240670,False,the 1975,4.01
7h6lpVuSGPW6RNjDXKpYDh,the sound,64,"i like it when you sleep, for you are so beautiful yet so unaware of it",2016-02-26,248879,False,the 1975,4.15
18UsAG7SfOQ5sxJEdjAMH0,be my mistake,68,a brief inquiry into online relationships,2018-11-30,256687,False,the 1975,4.28
6WmIyn2fx1PKQ0XDpYj4VR,love it if we made it,67,a brief inquiry into online relationships,2018-11-30,252925,True,the 1975,4.22
0wlZGWWK9M6KRHky1IfBYZ,putri iklan,70,p.u.s.p.a.,2008-06-28,240200,False,st12,4.0
08pqX1H8bGoV767lzfUDKG,p.u.s.p.a.,67,p.u.s.p.a.,2008-06-28,196226,False,st12,3.27
1oVEttWIOMh2bHHbmzLL4O,jangan pernah berubah,67,p.u.s.p.a.,2008-06-28,243400,False,st12,4.06
1at0dTYo8Z3G1q3KnI3nxH,cari pacar lagi,66,p.u.s.p.a.,2008-06-28,214400,False,st12,3.57
1wBJZhEJ4Y8dFtW1H7tTHF,rasa yang tertinggal,63,jalan terbaik,2006-12-04,246400,False,st12,4.11
7HQHopoa9BdKlGkCOgqMXO,aku masih sayang,63,jalan terbaik,2006-12-04,219293,False,st12,3.65
5M2AqedKNrboiOVKAZsRUm,saat terakhir,63,p.u.s.p.a.,2008-06-28,285600,False,st12,4.76
77RJljGYUt9CvHEk3TQeSd,aku terjatuh,61,pangeran cinta,2010-10-05,258320,False,st12,4.31
0HkQl75epTEkkXVA0V05l3,cinta tak harus memiliki,60,cinta tak harus memiliki,2011-01-02,271666,False,st12,4.53
4ZnkD1O3XsE5S8gPr1Kohe,kebesaranmu,59,p.u.s.p.a.,2009-07-15,248200,False,st12,4.14
0BrH4b7su9uLELM1h5Xlzw,tapi bukan aku,73,kenyataan perasaan,2007-01-15,270671,False,kerispatih,4.51
6l9L0ssWzD5XI1aJgVFpaS,mengenangmu,71,kenyataan perasaan,2007-01-15,277498,False,kerispatih,4.62
2SscarnRY3zdkORvPu9JGZ,demi cinta,67,tak lekang oleh waktu,2008-05-28,282474,False,kerispatih,4.71
5v3yHNK2lYzS3gMPlsugoP,bila rasaku ini rasamu,67,tak lekang oleh waktu,2008-05-28,272707,False,kerispatih,4.55
5NmrJDP3qgv52028oIDRor,aku harus jujur,65,semua tentang cinta,2009-12-28,266628,False,kerispatih,4.44
3EQ3PxdbrwVSRGrUjTVptK,tak lekang oleh waktu,61,tak lekang oleh waktu,2008-05-28,266162,False,kerispatih,4.44
6OuN3su7lVAD7YvHZiAt8l,lagu rindu,55,kejujuran hati,2005-06-29,279611,False,kerispatih,4.66
7xroALtpPO6GDZe8teymEc,kesalahan yang sama,55,tak lekang oleh waktu,2008-05-28,254802,False,kerispatih,4.25
3y20ignzB4q3CogSdYymUY,kejujuran hati,54,kejujuran hati,2005-06-29,360277,False,kerispatih,6.0
3FjhWR06XYtt1aSGWTamt3,tertatih,53,kerispatih and friends,2010-07-21,273906,False,kerispatih,4.57
79AlxPlv70kuRlsi2eZsnV,asal kau bahagia,68,maju terus pantang mundur (deluxe version),2018-02-23,245146,False,armada,4.09
4o6EhGQmzoQZgwYqI6WD5s,apa kabar sayang,67,satu hati sejuta cinta,2012-04-30,263773,False,armada,4.4
7gWcfdZVM1uunqG6trmQVG,mabuk cinta,66,satu hati sejuta cinta,2012-04-30,239506,False,armada,3.99
4NO6tr1qkrDQWgz0IEyxwE,harusnya aku,66,pagi pulang pagi,2014-09-17,282306,False,armada,4.71
1N9KSlqlBbPF0NNYWtttma,hargai aku,64,satu hati sejuta cinta,2012-04-30,245373,False,armada,4.09
2CulJODngVvPoLtQrZVWoy,mau dibawa kemana,64,hal terbesar,2009-07-23,239573,False,armada,3.99
3TBFMVl8kkpizYrO9lYHje,pergi pagi pulang pagi,63,pagi pulang pagi,2014-09-17,213053,False,armada,3.55
78zssGNrP4I5WoCtr9K2E7,cinta itu buta,62,hal terbesar,2009-07-23,242946,False,armada,4.05
2uy1RsdzULhpzJCiWoTlK3,buka hatimu,60,hal terbesar,2009-07-23,274826,False,armada,4.58
6v9LrcHY72rvk1HtKOeAwj,penantian,60,pagi pulang pagi,2014-09-17,249146,False,armada,4.15
6nTiIhLmQ3FWhvrGafw2zj,american idiot,83,american idiot,2004-09-21,176346,True,green day,2.94
6L89mwZXSOwYl76YXfX13s,basket case,82,dookie,1994-01-02,181533,False,green day,3.03
6ORqU0bHbVCRjXm9AjyHyZ,good riddance (time of your life),82,nimrod,1997-10-14,153466,True,green day,2.56
0U87auHx1iZTEFcq9KVdmO,boulevard of broken dreams,73,american idiot (20th anniversary deluxe edition),2024-10-25,260936,True,green day,4.35
3ZffCQKLFLUvYM59XKLbVm,wake me up when september ends,79,american idiot,2004-09-21,285653,False,green day,4.76
1nLnpLXvl68RZCSjfkyiaa,brain stew,78,insomniac,1995-10-10,193000,True,green day,3.22
1Dr1fXbc2IxaK1Mu8P8Khz,when i come around,78,dookie,1994-01-02,178000,False,green day,2.97
0lvhEsN1zkMzfp2M1o17yy,holiday,71,american idiot (20th anniversary deluxe edition),2024-10-25,232826,False,green day,3.88
64yrDBpcdwEdNY9loyEGbX,21 guns,76,21st century breakdown,2009-05-15,321093,False,green day,5.35
5TpPSTItCwtZ8Sltr3vdzm,last night on earth,76,21st century breakdown,2009-05-15,236533,False,green day,3.94
7ADK1rnMzP6PGWhoqWirBJ,pupus,69,cintailah cinta,2002-05-04,305906,False,dewa,5.1
0cc9lgdfHqeS8t9BzbFFmj,risalah hati,69,bintang lima,2000-05-15,292560,False,dewa,4.88
1jdTmewGT2IcFxGnwZgLKa,dua sedjoli,64,bintang lima,2000-05-15,324400,False,dewa,5.41
6LVz9rEORZOXopyaXN9FXp,satu,64,laskar cinta,2004-11-24,286573,False,dewa,4.78
7jOFzcYm74WaqS79ApFGhN,arjuna,62,cintailah cinta,2002-05-04,313533,False,dewa,5.23
3dq7P5E95LStGTQ3XejQIl,pangeran cinta,60,laskar cinta,2004-11-24,280626,False,dewa,4.68
0uxMIFFrGMKlx5wpHAUJsk,separuh nafas,56,bintang lima,2000-05-15,300533,False,dewa,5.01
4huqghnepsIzBA01HfaAG3,cemburu,56,bintang lima,2000-05-15,187306,False,dewa,3.12
50eBgQYY23rTTIoHVDuSIw,mistikus cinta,57,cintailah cinta,2002-05-04,337973,False,dewa,5.63
4SBtl9yUdMjc8erkDiKzxG,lagu cinta,55,bintang lima,2000-05-15,266866,False,dewa,4.45
0C3xZJueyBvvMSsl0cETA6,yank,65,cari jodoh,2009-05-20,274555,False,wali,4.58
5jsSSCQC4rj1DG3PZeUhl6,baik baik sayang,63,cari jodoh,2009-05-20,251842,False,wali,4.2
2ALQHMFnSjKzRhGwXVSfHD,nenekku pahlawanku,62,aku bukan bang toyib,2011-06-27,255675,False,wali,4.26
2Hj56hnZ8aAFxxkh7HMfsE,aku bukan bang toyib,61,aku bukan bang toyib,2011-06-27,206079,False,wali,3.43
0mZBXkJqykknHpsrU57RYZ,cari jodoh,61,cari jodoh,2009-05-20,250847,False,wali,4.18
29GszwSbH9jtj74nwNWf4Z,doaku untukmu sayang,60,aku bukan bang toyib,2011-06-27,226484,False,wali,3.77
4MKwqMQv8PK4Ic0UVC0N8b,emang dasar,60,orang bilang,2008-10-03,249657,False,wali,4.16
1dXlBKrJS9L7Qbna1AkgNy,tobat maksiat (tomat),60,special religi wali cari berkah,2013-07-17,264709,False,wali,4.41
4Ve1oXU5Xigfqzi6cR9lZ0,harga diriku,58,cari jodoh,2009-05-20,257657,False,wali,4.29
2e4QJVhefbhS3alcngL1WQ,si udin bertanya (robbana atina),58,doa'in ya penonton,2015-12-23,259027,False,wali,4.32
6vkwqlK4h0rgpIgL9tChaz,kamu ngga sendirian,65,discography hitam putih,2005-01-07,280240,False,tipe-x,4.67
06CZctheMwPh3Q9hO2S89a,selamat jalan,63,mereka tak pernah mengerti,2001-07-15,267266,False,tipe-x,4.45
1VqpUh3Qykgmr8snpr54An,genit,62,ska phobia,1999-08-09,191266,False,tipe-x,3.19
25Sk65Rg036j9sr1eSOm8l,mawar hitam,62,discography hitam putih,2005-01-07,269826,False,tipe-x,4.5
6O3LRhurLdkBNeAjXer6ye,salam rindu,61,mereka tak pernah mengerti,2001-07-15,223933,False,tipe-x,3.73
3ftgXUTr0zAZLQsckXH6Cw,boyband,62,seven,2012-01-01,230426,False,tipe-x,3.84
2DaGE6g765tbp2MTmYCZs2,sakit hati,59,mereka tak pernah mengerti,2001-07-15,222600,False,tipe-x,3.71
0ulmJXkjt9ReyOhYorSEBR,melati aku benci kamu,56,discography hitam putih,2005-01-07,208226,False,tipe-x,3.47
6N886u0WmowW9EmcSxQIV8,tanda-tanda patah hati,55,discography hitam putih,2005-01-07,197026,False,tipe-x,3.28
2hUXm5Pskc2QZR9YhMuwO0,cerita tahun lalu,54,cerita tahun lalu,2017-05-18,235156,False,tipe-x,3.92
3jqOKTYh4XH9khpOXQp89Y,cinta ini membunuhku,71,perubahan,2008-03-01,243623,False,d’masiv,4.06
08GY4vZq1JWiT7xIAZUfw6,merindukanmu,67,perubahan,2008-03-01,265729,False,d’masiv,4.43
0YfscnvXldBX790yR8OXXm,pergilah kasih,63,persiapan,2012-01-01,247617,False,d’masiv,4.13
0un0v6Aw6EvlFZJpzmNEMd,diantara kalian,62,perubahan,2008-03-01,271394,False,d’masiv,4.52
0jY7AaxTwGrO9xYDUk0hev,diam tanpa kata,61,perubahan,2008-03-01,236007,False,d’masiv,3.93
0BPOskXqLW4DaFTPodiPjD,natural,60,persiapan,2012-01-01,234150,False,d’masiv,3.9
54qC5I30ziFx3woB3Q0l03,cinta sampai disini,59,perubahan,2008-03-01,254490,False,d’masiv,4.24
0xBpUyL8GzcmBcX2lbGCgE,jangan menyerah,56,perjalanan,2009-01-12,259506,False,d’masiv,4.33
1OrMRZWLCkTjGZPLE67nQv,rindu 1/2 mati,56,perjalanan,2009-01-12,213159,False,d’masiv,3.55
2ZZEePSS6HBNWdF6uq4sqR,semakin,56,perjalanan,2009-01-12,202106,False,d’masiv,3.37
70LcF31zb1H0PyJoS1Sx1r,creep,89,pablo honey,1993-02-22,238640,True,radiohead,3.98
10nyNJ6zNy2YVYLrcwLccB,no surprises,84,ok computer,1997-05-28,229120,False,radiohead,3.82
63OQupATfueTdZMWTxW03A,karma police,82,ok computer,1997-05-28,264066,False,radiohead,4.4
5Qv2Nby1xTr9pQyjkrc94J,all i need,80,in rainbows,2007-12-28,228746,False,radiohead,3.81
2fuYa3Lx06QQJAm0MjztKr,let down,80,ok computer,1997-05-28,299560,False,radiohead,4.99
0YJ9FWWHn9EfnN0lHwbzvV,jigsaw falling into place,79,in rainbows,2007-12-28,248893,False,radiohead,4.15
73CKjW3vsUXRpy3NnX4H7F,fake plastic trees,79,the bends,1995-03-13,290706,False,radiohead,4.85
2a1iMaoWQ5MnvLFBDv4qkf,high and dry,78,the bends,1995-03-13,257480,False,radiohead,4.29
0z1o5L7HJx562xZSATcIpY,exit music (for a film),77,ok computer,1997-05-28,267186,False,radiohead,4.45
4wajJ1o7jWIg62YqpkHC7S,weird fishes / arpeggi,77,in rainbows,2007-12-28,318186,False,radiohead,5.3
0pVujrkHwuN9nAN9zGcEyy,manusia bodoh,66,heaven of love,2004-10-28,257927,False,ada band,4.3
0hcshcvKuOODyfuvkfoW9S,yang terbaik bagimu (jangan lupakan ayah) [feat. gita gutawa],65,heaven of love,2004-10-28,252261,False,ada band,4.2
0DnegHbBQokdwMnHgaBLoX,haruskah ku mati,64,romantic rhapsody,2006-03-27,283840,False,ada band,4.73
2n3qmVFvKlYnCoPazri770,karena wanita (ingin dimengerti),64,romantic rhapsody,2006-03-27,276735,False,ada band,4.61
3wgsNf9cC9z3OOrCWzQZNN,setengah hati,61,heaven of love,2004-10-28,274877,False,ada band,4.58
4F79Jl1h1PQAAZ9SS4igBy,surga cinta,58,romantic rhapsody,2006-03-27,269026,False,ada band,4.48
2EHQj8X7KUJrEY0svesMP5,masih sahabatku kekasihku,57,metamorphosis,2003-01-01,294238,False,ada band,4.9
6ps47eufwZkYnmeRJ9BEMG,kau auraku,56,heaven of love,2004-10-28,272741,False,ada band,4.55
73Lvi62k7EyKVMVqdaku8d,pemain cinta,54,harmonious,2008-06-26,242509,False,ada band,4.04
7hq08K6YBaTaDzkaEnDyBa,ku curi lagi hatimu,52,chemistry,2016-04-03,223373,False,ada band,3.72
5qqabIl2vWzo9ApSC317sa,wonderwall - remastered,78,(what's the story) morning glory? [remastered],1995-02-10,258773,False,oasis,4.31
0UvCh63URrLFcPkKt99hHd,don't look back in anger - remastered,74,(what's the story) morning glory? [remastered],1995-02-10,289560,False,oasis,4.83
5YciOakY5dB5dULkiLdCaf,stop crying your heart out,74,heathen chemistry,2002-03-02,303133,False,oasis,5.05
1wo3UYTeizJHkwYIuLuBPF,champagne supernova - remastered,67,(what's the story) morning glory? [remastered],1995-02-10,451320,False,oasis,7.52
1KgfeuVn5OlsBEtoEmBa1t,live forever,65,definitely maybe,1994-08-29,276866,False,oasis,4.61
7aSSsHnGQ54rbMZpXApmtU,stand by me,64,be here now,1997-08-07,356600,False,oasis,5.94
6dUfUi14QkuIpGA0GFFPyC,supersonic - remastered,61,definitely maybe (remastered),1994-08-29,283786,False,oasis,4.73
02ePjHjIiszSYqeLykvpTN,she's electric - remastered,59,(what's the story) morning glory? [remastered],1995-02-10,220920,False,oasis,3.68
4bvi8n8Xa2kX0UG02cvuE9,married with children - remastered,58,definitely maybe (remastered),1994-08-29,195000,False,oasis,3.25
62L8HlrCQLvBHKfpu8iqLa,slide away - remastered,58,definitely maybe (remastered),1994-08-29,392306,False,oasis,6.54
7gB98EWp4p9VKxOToaqrhM,cinta terakhir,70,selalu ada,2006-07-17,237586,False,ari lasso,3.96
6bE0o9hYUPYlokZIH79oM0,hampa,65,keseimbangan,2003-10-02,298893,False,ari lasso,4.98
7CXsE5oWYVzBLOza8HtGxp,aku dan dirimu (feat. bunga citra lestari) - remastered 2024,43,ari lasso (remastered 2024),2024-06-14,266021,False,ari lasso,4.43
1vx8MAnPkvu2Vq6LlfPMKM,jika (feat. melly goeslaw),45,sendiri dulu,2001-08-08,325560,False,ari lasso,5.43
2x7FNOlOS0ZYn0Bsv8S3FG,rahasia perempuan,57,keseimbangan,2003-10-02,210040,False,ari lasso,3.5
6TDxFogJOtrsVVK5eNWjIP,arti cinta,56,"kulihat, kudengar, kurasa",2004-07-07,251293,False,ari lasso,4.19
6gaBaCDrTZgKlFiYQ3jR5H,lirih,53,selalu ada,2006-07-17,246986,False,ari lasso,4.12
5n8YOy9hd8o4d3OHteTVCJ,cintailah aku sepenuh hati,52,yang terbaik,2012-03-06,247533,False,ari lasso,4.13
3TVArL88oAxj3s4nhAaeaq,penjaga hati,52,sendiri dulu,2001-08-08,247466,False,ari lasso,4.12
5cGvCQYsh98oklfvH6Dl0n,mengejar matahari,51,"kulihat, kudengar, kurasa",2004-07-07,198320,False,ari lasso,3.31
285hMzLhJwHVLe9QT9qilk,breakeven,83,the script,2008-07-14,261426,False,the script,4.36
3nqqDo8CcCLke3ZoTgiOKf,the man who can't be moved,81,the script,2008-07-14,241373,False,the script,4.02
7wMq5n8mYSKlQIGECKUgTX,hall of fame (feat. will.i.am),81,#3 deluxe version,2012-10-09,202533,False,the script,3.38
37sINbJZcFdHFAsVNsPq1i,superheroes,74,no sound without silence,2014-09-15,245466,False,the script,4.09
49kjlZP49LMD1MrrcvXDET,for the first time,69,science & faith,2010-09-13,252440,True,the script,4.21
3cdhgO3vgHyOIADMXokd2t,nothing,63,science & faith,2010-09-13,271773,False,the script,4.53
6EzSy7WxNCazx3csu7lxdV,if you could see me now,63,#3 deluxe version,2012-10-09,219546,True,the script,3.66
0Sayb1EWTywPttwJo7zjBt,six degrees of separation,60,#3 deluxe version,2012-10-09,232253,True,the script,3.87
6Vg3QC5UcpdAcGXgUqkjIX,if you ever come back,58,science & faith,2010-09-13,241653,False,the script,4.03
2QWP8NYYplOqEFBYGCcq0S,rain,59,freedom child,2017-01-09,209346,True,the script,3.49
0M3adYbGtyRHACP86dey1H,throne,79,that's the spirit,2015-11-09,191520,False,bring me the horizon,3.19
0WSa1sucoNRcEeULlZVQXj,can you feel my heart,78,sempiternal (expanded edition),2013-01-04,228146,True,bring me the horizon,3.8
7CAbF0By0Fpnbiu6Xn5ZF7,kingslayer (feat. babymetal),74,post human: survival horror,2020-10-30,220041,True,bring me the horizon,3.67
7mczLeiFeYKRb7vtiPjuMb,darkside,72,post human: nex gen,2024-05-24,165357,True,bring me the horizon,2.76
68o1mDkJzpvTshz9xrfduC,wonderwall - spotify singles,73,spotify singles,2025-01-29,240151,False,bring me the horizon,4.0
0gchQwxmBWj5no8NJ8b2yH,sleepwalking,72,sempiternal (expanded edition),2013-01-04,230093,False,bring me the horizon,3.83
6o39Ln9118FKTMbM4BvcEy,drown,72,that's the spirit,2015-11-09,222093,False,bring me the horizon,3.7
0hpWmAB3L0OJ3VBeMkOQUu,kool-aid,69,post human: nex gen,2024-05-24,228470,True,bring me the horizon,3.81
25wdC7CJmCJPgnKw9rYquJ,maybe (feat. bring me the horizon),70,mainstream sellout,2022-03-25,170133,True,mgk,2.84
0Brlm0oPqzabpgIG1D1eU5,lost,67,post human: nex gen,2024-05-24,205481,True,bring me the horizon,3.42
0pqnGHJpmpxLKifKRmU6WP,believer,87,evolve,2017-06-23,204346,False,imagine dragons,3.41
5qaEfEh1AtSdrdrByCP7qR,demons,84,night visions,2012-04-09,177506,False,imagine dragons,2.96
1zB4vmk8tFRmM9UULNzbLB,thunder,85,evolve,2017-06-23,187146,False,imagine dragons,3.12
54ipXppHLA8U4yqpOFTUhr,bones,81,mercury - acts 1 & 2,2022-01-07,165264,False,imagine dragons,2.75
3CIyK1V4JEJkg02E4EJnDl,enemy (with jid) - from the series arcane league of legends,81,mercury - acts 1 & 2,2022-01-07,173381,False,imagine dragons,2.89
62yJjFtgkhUrXktIoSjgP2,radioactive,80,night visions,2012-04-09,186813,False,imagine dragons,3.11
6Qn5zhYkTa37e91HC1D7lb,whatever it takes,83,evolve,2017-06-23,201240,False,imagine dragons,3.35
2RSHsoi04658QL5xgQVov3,bad liar,81,origins (deluxe),2018-09-11,260773,False,imagine dragons,4.35
2FY7b99s15jUprqC0M5NCT,natural,81,origins (deluxe),2018-09-11,189466,False,imagine dragons,3.16
213x4gsFDm04hSqIUkg88w,on top of the world,77,night visions,2012-04-09,192280,False,imagine dragons,3.2
2UgCs0i0rNHUH2jKE5NZHE,sempurna,76,andra & the backbone,2006-12-28,268422,False,andra & the backbone,4.47
7FIexxwjbX5IJ9LxawSdjL,main hati,61,season 2,2008-03-25,238933,False,andra & the backbone,3.98
6y80ayvbK3OIi2pLvRY0tn,hitamku,58,season 2,2008-03-25,266890,False,andra & the backbone,4.45
3sGLfEaXvGBE4gWF1ti0iK,lagi...dan lagi...,54,andra & the backbone,2006-12-28,237400,False,andra & the backbone,3.96
1M91uz2rZo0wBrDolbe7qG,musnah,53,andra & the backbone,2006-12-28,240280,False,andra & the backbone,4.0
4GTl1yGggDLDtbjd8icOYI,tak ada yang bisa,49,season 2,2008-03-25,300651,False,andra & the backbone,5.01
2DrlC7LtDvr1LWxOPFcxMo,jalanmu bukan jalanku,48,"love, faith & hope",2010-08-02,227880,False,andra & the backbone,3.8
7x4OjATuo1Lup96dmZsmNO,tunggu aku,45,"love, faith & hope",2010-08-02,279289,False,andra & the backbone,4.65
7xVk1j1XSOk28FBLEeNmC3,saat dunia masih milik kita,45,andra & the backbone,2006-12-28,303020,False,andra & the backbone,5.05
0sQqdyTWYSbqhXxuMgINOn,seperti hidup kembali,43,season 2,2008-03-25,277432,False,andra & the backbone,4.62
6dGnYIeXmHdcikdzNNDMm2,here comes the sun - remastered 2009,84,abbey road (remastered),1969-09-26,185733,False,the beatles,3.1
7iN1s7xHE4ifF5povM6A48,let it be - remastered 2009,79,let it be (remastered),1970-08-05,243026,False,the beatles,4.05
2EqlS6tkEnglzr7tkKAAYD,come together - remastered 2009,78,abbey road (remastered),1969-09-26,259946,False,the beatles,4.33
3KfbEIOC7YIv90FIfNSZpo,in my life - remastered 2009,77,rubber soul (remastered 2009),1965-03-12,146333,False,the beatles,2.44
5jgFfDIR6FR0gvlA56Nakr,blackbird - remastered 2009,77,the beatles (remastered),1968-11-22,138386,False,the beatles,2.31
3BQHpFgAp4l80e1XslIjNI,yesterday - remastered 2009,77,help! (remastered),1965-06-08,125666,False,the beatles,2.09
1RP85mAmvJ8baqjP53kFJu,hey jude - 2015 mix,70,the beatles 1967 – 1970 (2023 edition),2023-10-11,431453,False,the beatles,7.19
5ZBeML7Lf3FMEVviTyvi8l,twist and shout - remastered 2009,76,please please me (remastered),1963-03-22,155226,False,the beatles,2.59
0pNeVovbiZHkulpGeOx1Gj,something - remastered 2009,75,abbey road (remastered),1969-09-26,182293,False,the beatles,3.04
65vdMBskhx3akkG9vQlSH1,and i love her - remastered 2009,74,a hard day's night (remastered),1964-10-07,149693,False,the beatles,2.49
2QjOHCTQ1Jl3zawyYOpxh6,sweater weather,91,i love you.,2013-04-22,240400,False,the neighbourhood,4.01
2K7xn816oNHJZ0aVqdQsha,softcore,86,hard to imagine the neighbourhood ever changing,2018-02-11,206280,False,the neighbourhood,3.44
5E30LdtzQTGqRvNd7l6kG5,daddy issues,86,wiped out!,2015-10-30,260173,False,the neighbourhood,4.34
2xql0pid3EUwW38AsywxhV,reflections,84,hard to imagine the neighbourhood ever changing,2018-02-11,244013,False,the neighbourhood,4.07
7zwn1eykZtZ5LODrf7c0tS,you get me so high,81,hard to imagine the neighbourhood ever changing,2018-02-11,153000,False,the neighbourhood,2.55
7IL8PSVwLOJxqYne6azxQv,pretty boy,78,chip chrome & the mono-tones,2020-09-25,234093,False,the neighbourhood,3.9
0pxPNTroZcxXA0w6IDgMQJ,a little death,70,i love you. (10th anniversary edition),2013-04-23,209706,False,the neighbourhood,3.5
2u0CelO5c81XS7z3dGpHbS,the beach,74,wiped out!,2015-10-30,255133,False,the neighbourhood,4.25
7brQHA2CgQpcMBiOlfiXYb,afraid,74,i love you.,2013-04-22,251186,True,the neighbourhood,4.19
113xf7t4qNM7038YJvauik,nervous,74,hard to imagine the neighbourhood ever changing,2018-02-11,245000,False,the neighbourhood,4.08
4lK7zM6W6QHu9GNdR2BX8i,kamu cantik kamu baik,65,dunia sempurna,2014-10-05,246674,False,lyla,4.11
7uif31ObowZzcTjk3dxJYE,ga romantis,66,ga romantis,2015-08-10,233040,False,lyla,3.88
5qp8vPqA5Vbz9VqKQ8stCN,magic,63,lebih dari bintang,2013-07-22,230739,False,lyla,3.85
3Q7S90mIA4PjvLglBzUbAs,jantung hati,63,ga romantis,2015-08-10,237640,False,lyla,3.96
5QPtz7osRZDu7P9UqUzpMl,lebih dari bintang,62,lebih dari bintang,2013-07-22,246099,False,lyla,4.1
5JGZU4mMfVOn5BDN5WRroz,dan lagi,55,lebih dari bintang,2013-07-22,248111,False,lyla,4.14
22Oczy0JOx2jVmZ8xvVil9,dengan hati,54,dunia sempurna,2014-10-05,252499,False,lyla,4.21
31or640VomjgwKDnTVzwnk,detik terakhir,48,yang tak terlupakan,2010-07-22,291186,False,lyla,4.85
3cX8AjeL4EyMB8Ok4f9Lqt,mantan kekasih,48,yang tak terlupakan,2010-07-22,241502,False,lyla,4.03
3h7hYK6p2iGzyBUJv0Zlhi,bernafas tanpamu,47,yang tak terlupakan,2010-07-22,229224,False,lyla,3.82
30nitOpjzC3rV54QbLHTV8,hujan,68,indah,2007-07-01,235946,False,utopia,3.93
2mDviWBPhnfsnrB3TB2KRO,antara ada dan tiada,67,utopia,2003-03-01,242213,False,utopia,4.04
4b1kSgvZk3yfOkYrRD8utB,serpihan hati,66,indah,2007-07-01,242106,False,utopia,4.04
525sHGS4t4GYsFvD3TDWHZ,baby doll,60,indah,2007-07-01,208826,False,utopia,3.48
5NGG41cEWnMSXOiN6FJmlH,mencintamu sampai mati,59,mencintamu sampai mati,2010-04-21,208826,False,utopia,3.48
69TNtFkY7ft7FG8cjBb5QK,benci - ballad version,53,indah,2007-07-01,266826,False,utopia,4.45
5FKEkZ0pxjgTVKRDCCeI7S,antara ada dan tiada - acoustic version,51,indah,2007-07-01,235173,False,utopia,3.92
5QGdhyM8NV5A7esXywR0vm,benci,49,kekal,2004-08-12,249040,False,utopia,4.15
6ATvv96ugdnmU35jqa0G4G,lelah,45,indah,2007-07-01,262840,False,utopia,4.38
5xy1b6qEuX5fj3hgdTxDtr,selamanya,44,indah,2007-07-01,259973,False,utopia,4.33
6CwdjQ5TcHvLkcmiqy1I73,ku tak bisa,57,plur,2004-12-22,263422,False,slank,4.39
2MWsWUfa7NDZ4wBChRc4St,terlalu manis - suka suka version,58,kampungan,1991-12-26,302471,False,slank,5.04
3iVZgPRpp2q4rQsugOZdbd,kamu harus pulang,56,generasi biru,1994-11-15,300538,False,slank,5.01
0NBJqji0UphBMxLcoWjVc2,virus,56,virus,2001-09-20,257828,False,slank,4.3
7suq0FFag5QEiQnyihDAhu,mawar merah,56,kampungan,1991-12-26,275620,False,slank,4.59
5yPaTqyhflmpQCk0meh6jf,balikin,55,tujuh,1998-01-20,277637,False,slank,4.63
5JgvmTyhUCPlmaK1jIJA82,maafkan,53,suit suit... he he gadis sexy,1990-11-30,291108,False,slank,4.85
5TxbKgY0scu8P5li3KgyMU,poppies lane memory,52,tujuh,1998-01-20,389075,False,slank,6.48
1gEKGlUWTKz5C5la4cXksh,i miss u but i hate u,52,slank since 1983,2014-12-26,275093,False,slank,4.58
3tAbHdp1JEa1ekwNwQJMzv,terlalu pahit,51,palalopeyank,2017-07-02,255558,False,slank,4.26
6TqtFqq6QgYhQVCM87GKVF,kembali pulang,61,bintang 14 hari,2008-05-03,217600,False,kangen band,3.63
1L7YPMbWve6EUPGa6F9nw5,"tentang aku,kau dan dia",60,"tentang aku,kau dan dia",2007-01-15,346293,False,kangen band,5.77
4Z6MSmemDNEcjNQPIV48b5,terbang bersamaku,60,pujaan hati,2009-11-17,240786,False,kangen band,4.01
0JYpl7ALnMwzZOSp8u1DnX,kehilanganmu berat bagiku,60,jangan bertengkar,2011-08-02,224506,False,kangen band,3.74
4uKHIywtCMJOAh0BFTPeKL,pujaan hati,59,pujaan hati,2009-11-17,281720,False,kangen band,4.7
0MhNhoGoKkOILkpAq80cdc,doy,56,bintang 14 hari,2008-05-03,204826,False,kangen band,3.41
3waxM3i5lEUygfKZMruXDC,cinta sampai mati,56,cinta sampai mati,2022-02-25,223384,False,kangen band,3.72
3fGFS4l6kslmBu8PoJmhMg,yolanda,55,bintang 14 hari,2008-05-03,218279,False,kangen band,3.64
5YISYBrGfgKns4w2WAJLAt,cinta yang sempurna,53,yang sempurna,2007-07-11,312013,False,kangen band,5.2
1Ft6tRM8qZzBMNUeL7DFeN,cinta terlarang,53,jangan bertengkar,2011-08-02,223106,False,kangen band,3.72
1ixNEKbIZTTZ5LIz3rr9jD,cintamu sepahit topi miring,67,semar mesem romo mendem,2013-06-10,294053,False,jogja hip hop foundation,4.9
5KXAm75wLQr1MVtcDtJY0X,jogja istimewa,58,trilogy of jogja,2017-06-21,246023,False,jogja hip hop foundation,4.1
5qiK87eWzikBKpAsV74xjE,cintamu sepahit topi miring (tik-tok edition) - remix,54,cintamu sepahit topi miring (tik-tok edition) [remix],2023-04-20,88826,True,jogja hip hop foundation,1.48
3W0HbwuuEeJhtSRvvb9KUo,song of sabdatama,53,trilogy of jogja,2017-06-21,224721,False,jogja hip hop foundation,3.75
6gBbWCHaUQXZ3xtjl9G43e,ora cucul ora ngebul,48,semar mesem romo mendem,2013-06-10,289066,False,jogja hip hop foundation,4.82
5l4wQkOjFuYfhbsTa4rpKd,ngelmu kyai petruk,47,semar mesem romo mendem,2013-06-10,238413,False,jogja hip hop foundation,3.97
3OXyhwDDemLIiDCwErwVKt,suwukan jaran kepang,42,semar mesem romo mendem,2013-06-10,234306,False,jogja hip hop foundation,3.91
2D0bNRcgPc1Cvot4Yb6cBd,ngene / ngono,42,ngene / ngono,2018-01-01,253274,False,jogja hip hop foundation,4.22
6XR4TW0jJIEVqoZkSckNuA,jogja ora didol,41,trilogy of jogja,2017-06-21,244000,False,jogja hip hop foundation,4.07
5c9GrKflpWcR3uGOJ6aWaT,sedulur,37,sedulur,2017-06-21,262504,False,jogja hip hop foundation,4.38
6FV7RivrHzOwu6SkLRRYmY,you should've known,58,you should've known,2019-01-28,194231,True,hopsin,3.24
7dDLHlyZJBqEWSndlPWyCT,ill mind of hopsin 5,56,ill mind of hopsin 5 - single,2012-07-17,289004,True,hopsin,4.82
2fpzSINgTCbf4sS7LH39G5,sag my pants,54,raw,2010-11-19,219089,True,hopsin,3.65
6DLlxJucyETo8X4YPVIAz7,kumbaya,54,kumbaya,2020-09-06,244843,True,hopsin,4.08
63BZE2xuMQassYSlfNM0FE,be11a ciao,53,be11a ciao,2021-05-17,243429,True,hopsin,4.06
6IY2y3kjjLaNbxW4GLiYQR,ill mind of hopsin 8,53,ill mind of hopsin 8,2016-01-06,390004,True,hopsin,6.5
6iVp2prwrEaeh9f18iP2jt,nocturnal rainbows,51,raw,2010-11-19,306524,True,hopsin,5.11
6rVujfYLm9YmdyjV5xTgsS,ill mind of hopsin 7,50,pound syndrome,2015-07-24,350482,True,hopsin,5.84
5Es5pG548uc04wSlpBKlUN,picasso,50,picasso,2019-08-05,197877,True,hopsin,3.3
0pdT2HQxxKGZdSoA6ORuVx,alone with me,50,alone with me,2021-03-22,261043,True,hopsin,4.35
5eSoySxUnx3xsm0FHFgHiv,"achacho - from ""aranmanai 4""",68,"achacho (from ""aranmanai 4"")",2024-04-14,193056,False,hiphop tamizha,3.22
0zsA45R0SQPfqC5TyDOqY8,neeyum naanum anbe,68,imaikkaa nodigal (original motion picture soundtrack),2018-06-27,285250,False,hiphop tamizha,4.75
4FL8i7miD18FuMN08XGKcM,"takkunu takkunu - from ""mr. local""",66,"takkunu takkunu (from ""mr. local"")",2019-06-04,212727,False,hiphop tamizha,3.55
4nSwWiwtieiNmRAjy9fEXN,kannala kannala - the melting point of love,66,thani oruvan (original motion picture soundtrack),2015-07-22,215456,False,hiphop tamizha,3.59
6EwRpLL5QThnF2k1sZzQpC,kadhal oru aagayam,65,imaikkaa nodigal (original motion picture soundtrack),2018-06-27,161762,False,hiphop tamizha,2.7
1PaxAUxLEVpi75l0nDtwu1,sakkarakatti,65,meesaya murukku (original motion picture soundtrack),2017-07-28,189358,False,hiphop tamizha,3.16
7yk8CT3m3KI8u6DEWc3dFk,enna nadanthalum,64,meesaya murukku (original motion picture soundtrack),2017-07-28,245064,False,hiphop tamizha,4.08
3THVNKs3bdQekA02kK1hWD,kadhale kadhale,63,indru netru naalai (original motion picture soundtrack),2015-07-05,207071,False,hiphop tamizha,3.45
6ih9ThoCJLA9pObWGfHQF2,"kadhalikathey - from ""imaikkaa nodigal""",61,"kadhalikathey (from ""imaikkaa nodigal"")",2017-09-28,202023,False,hiphop tamizha,3.37
1LFTKTSfPQRM3a8mOvNtnE,ethir neechal,62,ethir neechal (original motion picture soundtrack),2012-12-15,270720,False,anirudh ravichander,4.51
5G3ZjUMOlOpChRHpdlGALj,insônia,71,meu carona,2015-07-14,282697,True,hungria,4.71
0ewILojeKPTZW4KtTL9cYf,amor e fé - acústico,64,amor e fé (acústico),2024-06-16,322736,True,hungria,5.38
33DBngoXTQOhh6Tuu2K0CS,lembranças,69,lembranças,2016-08-05,270597,False,hungria,4.51
4t4V2ptzeV94uXjUS1X18F,pinxadão,67,eletrofunk raiz,2024-08-16,138466,True,mc jacaré,2.31
71dwCpTZQpjLuqnJzyGbFz,um pedido,68,um pedido,2019-07-06,211985,False,hungria,3.53
7c1OyCwBQIpyyMD7ygRxer,coração de aço,68,coração de aço,2017-08-17,244141,False,hungria,4.07
690EqxLAB2T17L08NWdGlP,zorro do asfalto,67,meu carona,2015-07-14,213864,False,hungria,3.56
0WvWerkm78lLGWfxRoF37W,provavelmente,67,provavelmente,2016-08-05,245504,False,hungria,4.09
6r6wTVl7sBndpdlzBSEYnF,lua,60,boiadeira internacional (ao vivo),2024-02-23,206538,False,ana castela,3.44
3IkioRZMVdFpf7tbeBYg8O,eu sou brasileiro,57,virou verão,2025-07-02,278352,False,hungria,4.64
39SR5nE6T0eVEKluZvKksa,switches,30,seventeen,2023-09-14,144179,True,hopout shawn,2.4
4f0IyhmSKpVIiLkPykZFjg,got off,30,seventeen,2023-09-14,126315,True,hopout shawn,2.11
5Y39ZzJWQYg8a3uPouWYV3,famous animal,29,seventeen,2023-09-14,139223,True,hopout shawn,2.32
6blmFEkbwsBi3afjLm9gBx,in da club,28,in da club,2024-03-28,147504,True,hopout shawn,2.46
3XJitas5C1qElbTc2Yka2h,make it,28,make it,2022-08-21,154392,True,hopout shawn,2.57
4xRfrdTLFLaRDOGJOCihiC,2023,27,2023,2023-06-03,147692,True,hopout shawn,2.46
5KTq9FTzWoN7zp3sPSHz8L,224,27,224,2023-03-21,138039,True,hopout shawn,2.3
0U8ygIW5dvgAo8WiYEkCK2,pole,27,2023,2023-06-03,118972,True,hopout shawn,1.98
6uT7jbs1ycTZIKmLkiDyhY,pose,23,seventeen,2023-09-14,180024,True,hopout shawn,3.0
38betCsQF76OUBANX9YWo7,srt (feat. action pack),25,srt (feat. action pack),2023-03-08,163137,True,hopout shawn,2.72
1AYu3qfnb0Z4QJon1e5Gi0,time out,44,hoppa and friends 2,2020-04-08,165542,True,dj hoppa,2.76
37WCILZvK53WnOWyU8FgpT,bad intentions,41,bad intentions,2024-12-27,172421,True,marley b.,2.87
72G6gGoETkoNLzwfXG5dsq,by the pound,40,stoney point 3,2021-05-11,196998,True,demrick,3.28
4r6ITan3V8me1nS0b1sinP,keep being you,35,hoppa and friends 3,2023-10-27,174269,True,dj hoppa,2.9
3LhcZzV7gLX5lZZeL0dyXH,tomorrow,35,tomorrow,2021-12-31,177882,True,grieves,2.96
6wq16sVJRuCsVhePT9oDUD,outlaws,32,dizzyland,2022-04-15,223274,True,dizzy wright,3.72
6B9FN2JxgXv7we62NVUGTP,hoppa's cypher,35,hoppa and friends,2015-03-31,262001,True,dj hoppa,4.37
3bXUEuVG1SZX69Kt88yzIh,the problem,34,the problem,2024-06-12,185294,True,k.a.a.n.,3.09
5rOJJnsDp1spwjiclBsqvS,free thought,33,free thought,2025-07-03,152000,True,kail problems,2.53
0NTuU9JZH0ynmCr63rtZVw,headspace,31,headspace,2018-01-03,161582,True,gavlyn,2.69
4SnmBnw3mdLqCtQmJVkddu,harambe,39,o mang reloaded,2004-05-15,270720,False,hhp,4.51
5T8sSdqKOqgndZHV0IaIfk,tswaka,37,o mang reloaded,2004-05-15,277106,False,hhp,4.62
7nP4tPqXGfFMIfxESPSAQQ,bosso,37,motswafrika,2011-01-01,316626,False,hhp,5.28
4ARhphWyNmYbFAK6AnVZHq,music & lights,33,jabulani,2010-01-01,260773,False,p.j. powers,4.35
6lQhijBvJoX0SrVw8eYJEt,let me be,36,yba 2 nw,2005-09-13,264026,False,hhp,4.4
4OFBL8MNbPki6I7tLd0ftN,wamo tseba m'tho,32,dumela,2009-01-01,294800,False,hhp,4.91
7nB2dYgme42526qNsYAAq2,see,29,yba 2 nw,2005-09-13,288586,False,hhp,4.81
7IChffEIAjzJddXsfbxloc,mpitse,24,acceptance speech re-written,2008-01-01,227230,False,hhp,3.79
1AeXPBwBGgaifDobmsRvHG,go diragalang,27,maf-town,2001-02-02,269760,False,hhp,4.5
3lezM63RxBCkUiOSKDHGro,jabba,27,yba 2 nw,2005-09-13,317626,False,hhp,5.29
5iwb1WS80jfAOLtvBczKNV,99 problems,0,born black,2020-04-09,167839,False,billy bi$hop,2.8
7qnFaE9i0nrMgrMYGdGUeu,fk12,0,born black,2020-04-09,132723,True,billy bi$hop,2.21
7lWruzwKNMUEuvbKHdY8qK,quiero (terrateniente),30,"hip hop peruano mas na : mixtape, vol. 2",2017-06-15,183432,False,hip hop peruano mas na,3.06
0YnU7qf9ZBGfTk2PoHZkLN,rejaladito,25,sancocho,2018-07-25,205938,False,hip hop peruano mas na,3.43
5g1ZJBYRzypw8yscFwaFTk,primeros pasos,17,"hip hop peruano mas na: mixtape, vol. 1",2023-09-12,229160,False,hip hop peruano mas na,3.82
1ztPOG5RIUXF8z0EFltFh6,posdata mi amor,19,sancocho,2018-07-25,183562,True,hip hop peruano mas na,3.06
2eqXh2ldu5pBXE6frpjOvB,el sonido de la calle,17,"hip hop peruano mas na: mixtape, vol. 1",2023-09-12,223570,False,hip hop peruano mas na,3.73
5GPMzrfc5U7kU7qCB0kzt2,kaykunapi,16,"hip hop peruano mas na : mixtape, vol. 2",2017-06-15,162613,True,hip hop peruano mas na,2.71
3RkcGx9bw243MmxAALe9h5,imposible olvidarte,11,imposible olvidarte,2018-02-11,226116,True,terrateniente,3.77
4eRb5dB9GoNF0NZC8Edkkp,pretendí,11,"hip hop peruano mas na: mixtape, vol. 1",2023-09-12,234045,False,hip hop peruano mas na,3.9
1qMxnrQIA4gueL0LlfXWBy,samba del adiós,10,"hip hop peruano mas na : mixtape, vol. 2",2017-06-15,223139,True,hip hop peruano mas na,3.72
4NzD47R6eoiIoIbLbdQh1H,tal vez,9,"hip hop peruano mas na : mixtape, vol. 2",2017-06-15,171521,False,hip hop peruano mas na,2.86
05ZCB3zzpyYBivfLwaTde4,go go go who's next?,34,go go go who's next?,2020-06-17,188734,False,hip hop harry,3.15
2YxFsniSSVQ3Hf0WgnpWkP,jabbawockeez go go go,20,each one teach one,2021-08-25,172968,False,hip hop harry,2.88
2gNRv6j2sEHOl3ZTyOIWz8,go go go who's next - remix,15,go go go who's next (remix),2020-07-14,105874,False,hip hop harry,1.76
5PXBSvTtRYkXA6JR76CbJp,do the harry,14,party jams,2008-10-30,144466,False,hip hop harry,2.41
7bSzCK0n6KFe8s7PDbKPFG,hip hop harry theme song,12,party jams,2008-10-30,51346,False,hip hop harry,0.86
5jVZ30CRGKtJSW28BGHngB,i love to learn,11,party jams,2008-10-30,115333,False,hip hop harry,1.92
2a1BuyXDbMZKuO9w6tqrZ5,teamwork,7,party jams,2008-10-30,100240,False,hip hop harry,1.67
4iJVYBW4lSWTMRrrIFK07q,letter a,6,abc,2020-03-17,96679,False,hip hop harry,1.61
2rzjmdqn09eDgtxLjP1xfO,head shoulders knees and toes,6,nursery rhymes (bonus tracks),2017-04-18,121986,False,hip hop harry,2.03
0zeInBH030wOrW4A7dddHT,letter s,6,abc,2020-03-17,96638,False,hip hop harry,1.61
424WOYZt3vTYoZBI3uZLdv,123,14,bandita,2020-10-18,173023,True,lboy bsc,2.88
0IgUaukVW0vQH1MeWK42VQ,private jet,12,private jet,2020-05-31,193600,True,hopesemya,3.23
7j2B3ddt5QFNLTFRayHjXg,trippy lady,7,private jet,2020-05-31,205714,True,hopesemya,3.43
59wMPPWD5WIAhSDKDLJrmN,zlatý mládí,3,zlatý mládí,2020-03-04,159000,True,hopesemya,2.65
3cORPBz8BZ55QFLW9zd26t,luna,2,stargazing,2021-04-30,145243,True,hopesemya,2.42
0ESl3tZhfihl0iQjAQXvV4,dokud bude hudba hrát,2,dokud bude hudba hrát,2023-10-24,181286,True,hopesemya,3.02
1WnJphKxnqSrCgQEV2TU3H,etihad,2,etihad,2023-02-05,114800,False,hopesemya,1.91
0Lm3RueA3S0e24XtegaPT6,nebaví,2,private jet,2020-05-31,153253,True,hopesemya,2.55
5CYDyq4gwn8d9nRFYQ6Sb6,smaragd,1,smaragd,2023-01-22,134871,True,hopesemya,2.25
0MTZUgDQb54K0oXTNGLyyR,daily freestyle shit,1,daily freestyle shit,2020-09-08,150857,True,hopesemya,2.51
3ibJ7dIpPLW5m9M5ckyc5D,mandragora,25,en las calles,2001-05-09,225533,False,los verdaderos kreyentes de la religión del hip hop,3.76
0brzSa9vKWn2QuiozGnwUt,salud y virtud (con hate),22,en las calles,2001-05-09,250760,False,los verdaderos kreyentes de la religión del hip hop,4.18
3MahGCX8JmApsjEvyBveu5,pa´l falso kreyente,17,hasta la viktoria,1998-05-09,278973,False,los verdaderos kreyentes de la religión del hip hop,4.65
2F2wZASoX2qkjSjcPoOeHq,algo de ke hablar,17,hasta la viktoria,1998-05-09,301186,False,los verdaderos kreyentes de la religión del hip hop,5.02
343eh1dFEJnrhuO3sOKFe3,babilonia,15,en las calles,2001-05-09,254160,False,los verdaderos kreyentes de la religión del hip hop,4.24
3X70bFvLmmFLrQmHEtpReI,esperando en las trincheras,16,hasta la viktoria,1998-05-09,168360,False,los verdaderos kreyentes de la religión del hip hop,2.81
0pMSesLouzesIYu9Ceb101,viktoria,13,hasta la viktoria,1998-05-09,411186,False,los verdaderos kreyentes de la religión del hip hop,6.85
488D0GZglKJoKuDQAW6oCN,korage,13,hasta la viktoria,1998-05-09,290533,False,los verdaderos kreyentes de la religión del hip hop,4.84
37dgcdPHYz531xl15C2ddq,nosotros a nuestras kosas,13,hasta la viktoria,1998-05-09,346933,False,los verdaderos kreyentes de la religión del hip hop,5.78
5SiNO4Q5I1Yy6xI5bDhnRx,rimador rimante puro,13,hasta la viktoria,1998-05-09,220666,False,los verdaderos kreyentes de la religión del hip hop,3.68
1DmN3xjrs26NyRlRFyl1Qo,less is more,3,less is more,2025-02-21,182068,True,hope,3.03
4UEXJzhoWXMHjRrxBEn0NA,who am i,1,who am i,2025-01-24,167449,True,hope,2.79
4FHpWk88djaQAn1RIUsNLH,just my day,1,handle bars,2016-11-29,179258,True,hope,2.99
7ymk2ca9VXNn1r3b8x15rj,gone for now,1,handle bars,2016-11-29,184177,True,hope,3.07
0BIMi35mEIDcxRLHBRw6Qa,h.o.p.e. (feat. dj ned roy),1,handle bars,2016-11-29,214715,True,hope,3.58
3QI9dzWqSE24Gv2PEQqTQM,fuck that,0,fuck that,2019-07-27,204179,True,hope,3.4
5J6ZEzuQ3jMrmxry1FuNI3,the host,0,handle bars,2016-11-29,210991,False,hope,3.52
5e5CxOx490g1yLdmmoYpRx,this one's for you,0,handle bars,2016-11-29,144023,True,hope,2.4
4jSQsMAqxL9gE9excJVy8H,red man,0,red man,2019-07-27,274900,True,hope,4.58
12Z00W22awOhfBkxkVL3iQ,keep it raw,0,handle bars,2016-11-29,172307,False,hope,2.87
6Ac2ZurqwniZr1SjDF7hjK,山下見,27,山下見,2020-04-15,245691,False,retroll hip hop 重操嘻哈,4.09
7GzA4FH4qk0m9VjFk3Sogi,times square,11,carne masada,2005-09-06,177173,False,hip hop hoodíos,2.95
7i4F6NvyBrnvGd7ooifIWq,turn back the clock (hoodíos latinos),7,turn back the clock (hoodíos latinos),2020-10-04,213018,False,hip hop hoodíos,3.55
25igi8zrTH2k9BhEnAvcJ8,viva la guantanamera - 15 year anniversary mix,7,viva la guantanamera (15 year anniversary mix),2024-06-28,300077,False,hip hop hoodíos,5.0
4xWoqALXUCp7a35ax5545x,havana nagila,3,carne masada,2005-09-06,232413,False,hip hop hoodíos,3.87
17QWCTnxdKdN8xM3mLJXfX,mexican miller (the stephen miller song),3,mexican miller (the stephen miller song),2020-02-10,216969,True,hip hop hoodíos,3.62
5UM43pTZxJnBGxEo0WzJCf,times square 1989,2,times square 1989,2024-10-05,185649,True,hip hop hoodíos,3.09
4Y1HXyRLID2uLRnpwtZVIB,knishin' in the mission,1,knishin' in the mission,2019-09-13,221503,False,hip hop hoodíos,3.69
51dw4D0ccsWEvvai0zyws9,kike on the mic,0,agua pa la gente,2005-01-01,233894,False,hip hop hoodíos,3.9
3y5l6qhxOiKfcBenhPfvSg,times square 1989 - colombian electro remix,1,times square 1989 (colombian electro remix),2019-06-21,185169,True,hip hop hoodíos,3.09
1jzOX43AhwVPL3O6GC4hyJ,aqua pa' la gente (pinker tones remix),0,carne masada,2005-09-06,316253,False,hip hop hoodíos,5.27
1OojRUkOGm2c7oqpDT0Pko,akrosh,20,marathi cypher,2018-09-01,204644,False,marathi hip hop,3.41
0bDR9Xj89VRf6rZu0wy0bm,navashahir,15,marathi cypher,2018-09-01,258000,False,marathi hip hop,4.3
5LTS1iuhStUgp69jKV3Hby,samajik,13,marathi cypher,2018-09-01,356000,False,marathi hip hop,5.93
5Hdh8zmxG8VvTfT1KvGdLw,mal día,5,semilla,2014-09-12,223226,False,zulú hip hop jam,3.72
1LMfAOj3XJKh8wc2o0sjSN,uno,5,semilla,2014-09-12,244120,False,zulú hip hop jam,4.07
7ftXttR1VwkQTrc7kZWGkF,semilla,4,semilla,2014-09-12,230960,False,zulú hip hop jam,3.85
5HFX9L5vTQw3oVeRTJPiPR,karma,4,semilla,2014-09-12,186306,False,zulú hip hop jam,3.11
09m6p9gd5lRXOf68Qu92qA,ironía,3,semilla,2014-09-12,205573,False,zulú hip hop jam,3.43
3Q1RO7dPL9897QjrQ8K08n,la única constante,3,semilla,2014-09-12,183373,False,zulú hip hop jam,3.06
66Ml8BlS2A3aoh8IjPjPc8,cossa nostra,3,semilla,2014-09-12,225626,False,zulú hip hop jam,3.76
43yw44dsEmMB5VfzyFw7XS,hoy,2,semilla,2014-09-12,198906,False,zulú hip hop jam,3.32
6Yov89jaQIh3KJiGnEupR3,la huida,2,semilla,2014-09-12,240706,False,zulú hip hop jam,4.01
4x7yy2E7zTfMSrb831B1eh,mil hojas,2,semilla,2014-09-12,165626,False,zulú hip hop jam,2.76
5CmKZpxzC8xaFLzXFZUDUY,cho,6,mp hip hop 2000 cho (remastered),2005-03-29,250866,False,mp hip hop,4.18
5aHQ4PvKTjs5thoKbGGium,dice,3,mp hip hop 2000 cho (remastered),2005-03-29,255346,False,mp hip hop,4.26
4UAdHXcCnQFmdqaRUsnA2a,1 times tables (ti style),5,"multiplication times tables - 2 pac, biggie, & ti style",2009-03-27,202788,False,multiplication hip hop for kids,3.38
3nN0ZKO7pB1dqU8z5WkW7t,11 times tables (2 pac style),4,"multiplication times tables - 2 pac, biggie, & ti style",2009-03-27,234161,False,multiplication hip hop for kids,3.9
6pFoYMv2aU4aBORxa4UrIz,2 times tables (biggie style),5,"multiplication times tables - 2 pac, biggie, & ti style",2009-03-27,289750,False,multiplication hip hop for kids,4.83
59sv9AwgTTatkZZe1LkMu3,3 times table (hip hop style),1,3 times table (hip hop style),2012-02-08,183206,False,multiplication hip hop for kids,3.05
0MMW9k7yErGwXG1D6fGDfF,official website information,0,"multiplication times tables - 2 pac, biggie, & ti style",2009-03-27,85577,False,multiplication hip hop for kids,1.43
4Mh71MDK1bnxDfQZUVNgn4,brains and brawn,2,"all beef, no chicken",2002-01-01,247453,False,hip-hop wieners,4.12
5cn3ddAZsBtPplRAifUsM6,studio time,2,"all beef, no chicken",2002-01-01,346240,False,hip-hop wieners,5.77
4jhOFBPmsaw27OirhzDJzw,asleep at the whee,2,"all beef, no chicken",2002-01-01,357106,False,hip-hop wieners,5.95
2QnuVHYwGAWR0kZcDaTmLI,hip hop sloth i,1,"all beef, no chicken",2002-01-01,171800,False,hip-hop wieners,2.86
3iAzFGROtPg6eIN3CcaLR6,you smell awful,1,"all beef, no chicken",2002-01-01,269880,False,hip-hop wieners,4.5
2hD5wQshK7Hs9aGGczfQer,run and hide,1,"all beef, no chicken",2002-01-01,245266,False,hip-hop wieners,4.09
6Iz5L5sz6PazZ4tqeBpEpj,we 2 rappers,1,"all beef, no chicken",2002-01-01,265386,False,hip-hop wieners,4.42
51juFdjKtqlcmLNdzQjHBw,hard rimes,1,"all beef, no chicken",2002-01-01,215200,False,hip-hop wieners,3.59
5I8jNvrKkhxOj29nwopQyq,poor folk,1,"all beef, no chicken",2002-01-01,282733,False,hip-hop wieners,4.71
0zIQLcgOUrXNBdAzXacaSr,hip hop sloth ii,1,"all beef, no chicken",2002-01-01,253453,False,hip-hop wieners,4.22
6k4xvNJCqUvyyzi0gukQMQ,that's how it is,4,déjà vu - it's '82,1992-01-05,272666,False,crusaders for real hip-hop,4.54
2dYf28wO4gcw5gvxeEFq6Y,real rhymers (feat. king sun),2,déjà vu - it's '82,1992-01-05,283933,False,crusaders for real hip-hop,4.73
69pA0kKkQ2Axnl1XTHxjDy,funky uptown,2,déjà vu - it's '82,1992-01-05,255293,False,crusaders for real hip-hop,4.25
4Xyrq7g7mHH6fyQVbtFAPj,we love the hotties,1,déjà vu - it's '82,1992-01-05,236560,False,crusaders for real hip-hop,3.94
4XhfogBc1feIweCOPlzKJ0,may i continue?,1,déjà vu - it's '82,1992-01-05,238133,False,crusaders for real hip-hop,3.97
5T1kFYLIfbRCWpsYWxCrEd,higher,1,déjà vu - it's '82,1992-01-05,231573,False,crusaders for real hip-hop,3.86
1bEHnIi5ZVqYybiaR37piO,main entree,1,déjà vu - it's '82,1992-01-05,224400,False,crusaders for real hip-hop,3.74
67ueyqrvWsBcUhrCasW5KE,kicked to the curb,1,déjà vu - it's '82,1992-01-05,214760,False,crusaders for real hip-hop,3.58
2yv8hlbYAO1mQxE9O9XuoN,police brutality,1,déjà vu - it's '82,1992-01-05,261399,False,crusaders for real hip-hop,4.36
3FQOxb1cws1H1wjmGQUVXj,ultimate reality (beat box),1,déjà vu - it's '82,1992-01-05,254026,False,crusaders for real hip-hop,4.23
3I2OBA3kKdbDYzFAkDuc81,"love, money, fame (feat. dj khaled)",65,"love, money, fame (feat. dj khaled) (timbaland remix)",2024-01-11,186386,False,seventeen,3.11
3ZpfXyQgcqdSA1TGNc7Ret,super,68,seventeen best album '17 is right here',2024-04-29,200386,False,seventeen,3.34
6I2tqFhk8tq69iursYxuxd,hot,71,seventeen 4th album 'face the sun',2022-05-27,197586,False,seventeen,3.29
2UE9XGbAzicJIyo4bB6sqM,maestro,71,seventeen best album '17 is right here',2024-04-29,198906,False,seventeen,3.32
6LnEoRQKMcaFTR5UvaKuBy,rock with you,70,seventeen 9th mini album 'attacca',2021-10-22,180360,False,seventeen,3.01
1Rrj7KyS2R6SP9CQMDJW1w,very nice,69,love&letter repackage album,2016-04-07,192092,False,seventeen,3.2
2j1Es5qEl4pD8GEe2WsYgP,darl+ing,65,seventeen 4th album 'face the sun',2022-05-27,176560,False,seventeen,2.94
4MTNimMDRyFZv37Thcktwa,god of music,68,seventeen 11th mini album 'seventeenth heaven',2023-10-23,205133,False,seventeen,3.42
1WEk8mX0loccWCAcTZqVH8,don't wanna cry,62,seventeen best album '17 is right here',2024-04-29,203440,False,seventeen,3.39
1XvOEvWtfa879Wk1wKHZ1M,cheers to youth,67,seventeen best album '17 is right here',2024-04-29,191546,False,seventeen,3.19
1z5ebC9238uGoBgzYyvGpQ,toxic till the end,88,rosie,2024-06-12,156685,False,rosé,2.61
1lcBt7LoEikqYmhUoa2cez,number one girl,82,rosie,2024-06-12,216442,False,rosé,3.61
3fpWkbEZMP1BgOOfymwoaS,drinks or coffee,80,rosie,2024-06-12,133113,False,rosé,2.22
5OdI6v2L7Aez4cclpbojiZ,stay a little longer,77,rosie,2024-06-12,246606,False,rosé,4.11
77n3jFGqPPxYrEGwrWylNv,gameboy,76,rosie,2024-06-12,166742,False,rosé,2.78
2xgACMNtJ5YktyvOC83SPO,on the ground,70,r,2021-12-03,168085,False,rosé,2.8
4HxGH28DitgAuuKpEVrLzN,two years,75,rosie,2024-06-12,167748,False,rosé,2.8
3y4q6bBdbXsTIaPiwiiUfy,3am,75,rosie,2024-06-12,154050,False,rosé,2.57
2ayIgfvWo3SfYP2pVOr4pC,gone,70,r,2021-12-03,207163,False,rosé,3.45
7mpdNiaQvygj2rHoxkzMfa,bite me,78,dark blood,2023-05-22,157531,False,enhypen,2.63
44hqFxUWsADWewEJELnncj,no doubt,77,romance : untold -daydream-,2024-11-11,167219,False,enhypen,2.79
3RkSwrsIadAvqVtMp5yhaB,xo (only if you say yes),77,romance : untold,2024-12-07,188332,False,enhypen,3.14
3ivdlmTbUSv5JN9W8Tk9V1,brought the heat back,74,romance : untold,2024-12-07,176424,False,enhypen,2.94
1wcr8DjnN59Awev8nnKpQ4,drunk-dazed,74,border : carnival,2021-04-26,193260,False,enhypen,3.22
3gYWGRS64XrGSrjD3vvtga,moonstruck,73,romance : untold,2024-12-07,158660,False,enhypen,2.64
0UzymivvUH5s8z4PeWZJaK,fever,74,border : carnival,2021-04-26,172106,False,enhypen,2.87
2YmfV4lAjrAQvuggKCUX6m,sweet venom,73,orange blood,2023-11-17,148753,False,enhypen,2.48
5elW2CKSoqjYoJ32AGDxf1,polaroid love,73,dimension : answer,2022-10-01,184601,False,enhypen,3.08
6i1PYoUEMHqxAsAUKHkqpe,fatal trouble,71,dark moon special album <memorabilia>,2024-05-13,170197,False,enhypen,2.84
